#  STRING NAME (do not change!);English;;;;;;;;;;X
##;;;;;;;;;;;X
# New World Order 2;;;;;;;;;;;X
##;;;;;;;;;;;X
# Events;;;;;;;;;;;X
##;;;;;;;;;;;X
enlarge_united_arab_republic_title;$COUNTRY$ 확장;Enlarge the $COUNTRY$;;;;;;;;;;X
claims_conference_title;회의 주장;;;;;;;;;;;X
claims_conference_desc;독일의 유대인에 대한 피해보상청구에 관한 회의는 나치 박해의 희생자들과 그들의 상속자들을 대표합니다. 해당 회의는 보상 기금을 관리하고 보상받지 못한 유대인 재산을 복구하며, 홀로코스트 생존자들에게 사회복지 서비스를 제공하는 기관에 자금을 할당하고 쇼아(Shoah), 즉 홀로코스트에 대한 기억과 교훈을 보존합니다.;;;;;;;;;;X
rafael_urdaneta_bridge_title;라파엘 우르다네타 다리;;;;;;;;;;X
rafael_urdaneta_bridge_desc;장군 라파엘 우르다네타 다리는 베네수엘라 서쪽에 있는 마라카이보 호수의 끝에 있습니다. 이 다리는 이전에 호수를 건너는 페리보트를 필요로 했던 여행인 마라카이보와 다른 나라들 사이의 고속도로를 제공합니다. 보강 콘크리트와 프리스트레스트 콘크리트로 만들어진 이 케이블로 된 다리는 해안에서 해안까지 8,678m(5.392mi)에 걸쳐 있습니다. 5개의 주 구간은 각각 235m(771ft) 길이입니다. 이 시스템은 92미터(302ft) 높이의 타워에서 지지되며, 46미터(151ft)의 간극을 아래 수면에 제공합니다.;;;;;;;;;;X
salvation_cathedral_title;루마니아 인민구원 대성당;;;;;;;;;;;X
salvation_cathedral_desc;루마니아인들의 구원을 위한 이 성당은 부쿠레슈티에 건설될 루마니아 정교회 성당을 가리키는 이름입니다. 루마니아 정교회의 대표적인 성당이 될 것이고, 완공되면 세계에서 가장 높은 정교회 성당이 될 것입니다.;;;;;;;;;;;X
fertile_crescent_plan_title;비옥한 초승달 계획;;;;;;;;;;X
fertile_crescent_plan_desc;비옥한 초승달 계획은 이라크 하심왕국의 제안으로, 시리아 및 팔레스타인 위임통치령과 트란스요르단과 이라크 왕국의 연합을 말합니다. 2차 세계대전 당시 누리 아사이드 이라크 총리는 프랑스가 시리아를 지배하기에 너무 약해진 것 같자 이 계획을 영국 관료들에게 제시한 바 있습니다. 그러나 이 계획은 군주제의 지배와 친영연합에 들어가기를 원하지 않던 국민당을 포함한 시리아 내의 여러 단체들의 반대에 부딪히면서 결실을 맺지 못했습니다. 일단은 1958년 7월 이라크 왕정이 전복되면서 끝난 것처럼 보이나, 비옥한 초승달의 국가들을 통합하려는 열망은 여전히 존재합니다.;;;;;;;;;x;;;;;;;;;;;;;
colossus_of_rhodes_title;로즈의 거상;;;;;;;;x;;;;;;;;;;;;;
colossus_of_rhodes_desc;유럽의 건축가들은 기념비가 거기에 서 있을 수 없었을 것이라는 많은 증거와 학자들의 의견에도 불구하고 항구 입구에 두 개의 교각들을 가장 잘 타는 현대식 콜로세스를 건설할 계획을 발표했습니다. 150미터 높이의 새 조각상은 개인 기부와 모금활동으로 약 2억8천3백만 달러가 소요될 것으로 추산됩니다. 이 동상은 문화 센터, 도서관, 전시관, 그리고 등대를 포함하며, 모두 태양열 판넬로 작동됩니다.;;;;;;;;x;;;;;;;;;;;;;
united_ireland_title;통일 아일랜드;;;;;;;;x;;;;;;;;;;;;;
united_ireland_desc;통일 아일랜드는 아일랜드의 32개 지방을 모두 포함하는 주권국입니다. 아일랜드섬은 현재 26개 지방을 가진 아일랜드 공화국과 나머지 6개 지방을 가진 북아일랜드의 영토를 나뉩니다. 영국에게서 완전히 독립한 아일랜드는 많은 아일랜드 민족주의자들의 지지를 받고 있습니다.;;;;;;;;x;;;;;;;;;;;;;
pax_americana_title;팍스 아메리카나;;;;;;;;;;X
pax_americana_desc;미국의 평화는 평화롭고, 안정적이며, 오래 지속된다는 것을 증명했습니다. 지난 10년 동안 그것은 광범위한 경제 성장과 미국의 자유와 민주주의 원칙의 확산을 위한 지정학적 틀을 제공해 왔습니다. 그러나 국제정치에서 영원한 것은 없습니다. 세계적인 미국의 평화조차도 영원할수는 없을 것입니다. 우리에게 필요한 것은 강하고 현재와 미래의 새로운 위협을 모두 처리할수있는 군대입니다. 미국의 원칙은 과감하고 의도적으로 해외에 홍보하는 외교 정책과 미국의 국제적 책임을 받아들이는 국가 리더십입니다. 현재 진행중인 위기는 평화를 위협하고 있으며 우리는 모든 당사자들에게 그것을 현명하게 해결하도록 압력을 가해야 합니다.;;;;;;;;;;X
karlmarxstadt_chemnitz_title;카를마르크스슈타트를 켐니츠로;;;;;;;;x
karlmarxstadt_chemnitz_desc;켐니츠는 츠비카우몰데의 작은 지류인 켐니츠에서 따온 이름으로, 1953년부터 1990년까지는 카를마르크스슈타트로 알려져 있습니다.'Chemnitz'라는 단어는 소르비어에서 왔고 "Stony"라는 뜻 입니다. 이 단어는 돌을 의미하는 슬라브어에서 왔고, 여성 접미사인 -ica로 구성되어 있습니다. 그것은 체코, 폴란드처럼 과거와 현재에 슬라브인들이 거주하는 지역에는 카메니카나 카메니체라는 다른 말로 불립니다.;;;;;;;;x
cyber_warfare_title;사이버 정보전쟁부 설립;;;;;;;;x
cyber_warfare_desc;인터넷 검색엔진과 소셜 네트워킹을 통한 IT기업이 성공한 세계 최고의 국가로서의 우리의 위치는 우리 자신뿐만 아니라 다른 나라 시민들의 개인 데이터에 대한 전례 없는 접근을 제공합니다.이러한 IT 법인의 경영진은 민주주의와 인권이라는 우리의 근본적이고 보편적인 가치를 공유하고 있습니다. 우리는 국제 정치에서 우리의 위치를 홍보하기 위해 이 IT 역량을 도구로 이용해야 합니다. "바이러스"로 인해 경쟁 국가 IT 공급업체의 콘텐츠를 차단하여 "정보법"을 통해 개인 정보에 접근할 수 있게 함으로써, 우리 회사의 검색 엔진을 정치적 의제에 맞게 검색 및 변환해야 합니다.;;;;;;;;x
peace_mission_title;평화임무 수행;;;;;;;x
peace_mission_desc;지속가능한 평화를 유지시키기 위해서는 폭력충돌의 시작이나 재발을 막아야 합니다. 평화 구축 활동은 폭력의 근본 원인이나 잠재적인 원인을 다루고, 평화적인 갈등 해결에 대한 사회적 기대를 형성합니다. 특히 우리는 이웃들 사이의 국제법에 따라 영토 분쟁의 완전한 해결을 위해 노력해야 합니다.;;;;;;;x 
european_coal_and_steel_community_title;유럽 석탄철강위원회;;;;;;;;;;X
force_vassal_freedom_title;자유 요구;;;;;;;;;;;;x,,,,,,,,,,,,,,,,,,,,,,
jointheunga_title;국제연합 총회 가입;;;;;;;;;;;;x,,,,,,,,,,,,,,,,,,,,,,
jointheunga_desc;국제연합 총회는 국제연합의 결의안을 결정하고 심의하는 기구입니다. 평화와 안보, 새 회원 가입, 예산 문제 등 중요한 문제에 대한 결정은 3분의 2의 찬성을 필요로 하지만 다른 질문에 대한 결정은 다수결에 의해 결정됩니다.;;;;;;;;;;;;x,,,,,,,,,,,,,,,,,,,
jointheunsc_title;국제연합 안전보장이사회 상임이사국 가입;;;;;;;;;;;;x,,,,,,,,,,,,,,,,,,,,,,
jointheunsc_desc;헌장에 따르면, 안전보장이사회는 국제 평화와 안보의 유지에 일차적인 책임이 있습니다. 15명의 구성원으로 이루어지며, 각 구성원은 한 표씩을 가지고 있습니다. 헌장에 따르면, 모든 회원국은 의회의 결정을 따를 의무가 있습니다. 안보리는 평화나 침략 행위에 대한 위협의 존재 여부를 결정하는 데 앞장섭니다. 그것은 당사자들에게 분쟁을 평화적인 방법으로 해결하도록 요구하고 조정 방법이나 합의 조건을 권고합니다. 어떤 경우에는 안전보장이사회가 제제를 가하거나, 국제평화와 안보를 유지하거나 회복하기 위해 무력 사용을 허가하는 경우도 있습니다. 안전보장이사회는 또한 사무총장의 임명과 유엔 신규 회원국의 입회를 총회에도 권고하고 있습니다. 그리고 총회와 함께 국제 사법재판소의 검사를 선출합니다.;;;;;;;;;;;;x,,,,,,,,,,,,,,,,,,,
becomearepubliccolonial_title;$COUNTRY$의 군주제 폐지에 관한 국민투표 실시;;;;;;;;;;;;x,,,,,,,,,,,,,,,,,,,,,,
becomearepubliccolonial_desc;우리는 우리의 자원을 고갈시키고 재정을 낭비한 과거 식민지 지배로부터 물려받은 외국 군주제 하에서 오랫동안 고통을 받아왔습니다. 이제 우리는 식민 시대의 마지막 잔재를 폐지해야 할 때입니다. 다시 $COUNTRY$를 멋지게 만들기 위해 국민투표로 군주제를 끝내도록 노력합시다!;;;;;;;;;;;;x,,,,,,,,,,,,,,,,,,,
force_vassal_freedom_desc;기회가 왔습니다. $COUNTRY$에서 큰 영향력을 가진 권력자에게 접근하여 개입을 요청할 수 있습니다. 만약 그렇게 한다면, 외국의 지배에서 해방될 기회가 올 것입니다. 그렇지 못한다면 많은 것을 잃을 수도 있습니다. 신중하게 진행해야 합니다.;;;;;;;;;;;;x,,,,,,,,,,,,,,,,,,,
exportfocus_title;수출중심경제;;;;;;;;;;;;x,,,,,,,,,,,,,,,,,,,,,,
exportfocus_desc;수출 중심의 경제를 세워 지금보다 더 빠른 속도로 나라의 부를 늘려야 합니다.\n\n[SUB_A7]Y주의: 사무직 노동자에 대한 대중 홍보가 크게 증가할 것입니다.[SUB_A7]W;;;;;;;;;;;;x,,,,,,,,,,,,,,,,,,,
importfocus_title;수입대체산업화중심경제;;;;;;;;;;;;x,,,,,,,,,,,,,,,,,,,,,,
importfocus_desc;서방의 경제를 따라잡으려면 수입대체지향적인 경제를 세워야 합니다.;;;;;;;;;;;;x,,,,,,,,,,,,,,,,,,,
changefocus_title;경제정책 변경;;;;;;;;;;;;x,,,,,,,,,,,,,,,,,,,,,,
changefocus_desc;변화하는 경제 상황에 적응하려면 경제 중점을 바꿔야 할 것 같습니다.;;;;;;;;;;;;x,,,,,,,,,,,,,,,,,,,
european_coal_and_steel_community_desc;유럽 석탄철강공동체는 냉전시대에 서유럽을 통합하고 유럽연합의 현대적 발전을 위한 기반을 조성하는 역할을 하는 6개국 국제 기구입니다. 유럽 석탄철강공동체는 초국가주의 원칙을 기반으로 한 최초의 조직입니다.;;;;;;;;;;X
form_yemen_title;예멘 통일;;;;;;;;;;X
form_yemen_desc;예멘 통일은 1990년 5월 22일 예멘 인민민주공화국(일명 남예멘)이 예멘 아랍공화국(일명 북예멘)과 연합해 예멘 공화국(일명 예멘)을 형성하면서 이뤄졌다.;;;;;;;;;;X
kaliningrad_kongisberg_title;칼리닌그라드를 쾨니히스베르크로;;;;;;;;;;;;;x
kaliningrad_kongisberg_desc;쾨니히스베르크가 칼리닌그라드로 개칭된 것은 1946년으로, 소련 최고소비에트 주석이자 상임위원회 위원장인 미하일 칼리닌의 서거를 기념해 붙여진 이름입니다. 이때 기존의 독일인들은 강제추방당했으며, 도시는 소련 인민들로 채워졌습니다. 다시 한번 쾨니히스베르크를 독일령에 편입함으로서 제2차 세계대전 공포에서 파괴당했던 과거의 아름다움을 되찾을 수 있습니다.;;;;;;;;;;;;;x
laogai_title;라오가이;;;;;;;;;;X
laogai_desc;"노동을 통한 개혁"이라는 뜻의 Laodong gaizao를 줄인 Laogai는 중국 형사사법제도의 슬로건이며, 전 세계 노예의 절반 이상을 차지하는 중화인민공화국(PRC)의 형벌 노동과 교도소 농장의 사용을 가리키는 말로 사용되어 왔습니다. 지난 50년 동안 5천만 명 이상의 사람들이 로가이 수용소로 보내진 것으로 추정되며, 1950년대와 1960년대 동안, 조직화된 공장과 유사한 중국 교도소는 정부나 "반혁명주의자"에 대해 너무 비판적인 것으로 여겨지는 많은 사람들을 수용했습니다. 하지만 정치적이거나 종교적인 이유로 체포된 많은 사람들은 1970년대 말에 덩샤오핑 개혁의 시작에 석방되었습니다.;;;;;;;;;;X
comecon_aid;상호경제원조협의회 원조 요청;;;;;;;;;;X
comecon_aid_rejected;상호경제원조협의회 원조 거부됨;;;;;;;;;;X
comecon_aid_title;코상호경제원조협의회 원조 요청;;;;;;;;;;X
comecon_aid_desc;상호경제원조협의회는 1960년 34개 개발도상국, 1970년 62개국, 1985년 100개국 이상에 경제 및 기술 지원을 제공했습니다. 1987년 까지, 상호경제원조협의회는 아시아, 라틴아메리카, 아프리카에 4,000개 이상의 산업계획의 건설이나 준비를 도왔습니다. 또한 제3세계 국가들의 산업, 에너지, 교통, 광물 자원 및 농업의 발전을 장려하기 위해 노력했습니다. 상호경제원조협의회 회원국들은 아시아, 아프리카, 그리고 라틴아메리카에서 기술/경제적 원조를 제공했습니다. 처음에 상호경제원조협의회는 개발도상국에 지원할 때, 수입 대체품을 포함한 제3세계의 국내 경제를 지탱할 수 있는 제품 개발을 집중개발했습니다. 1970년대와 1980년대에는, 상호경제원조협의회 지원이 수출 지향적인 산업으로 향했습니다. 제3세계 국가들은 코메콘이 도움을 준 프로젝트에 의해 생산된 제품으로 이러한 지원에 대한 비용을 지불했습니다. 이 정책은 이러한 전략적으로 중요한 분야에서 정치적 영향력과 더불어 코메콘에게 필요한 제공의 안정적인 원천을 제공했습니다.;;;;;;;;;;X
forced_labour;강제노동;;;;;;;;;;X
gulag_title;굴라그;;;;;;;;;;X
gulag_desc;굴라그는 1930년대부터 1950년대까지 스탈린 시대 동안 소련의 강제노동수용소를 관리했던 정부기관입니다. 제2차 세계대전 이후 감옥과 식민지의 수용자 수는 다시 급격히 증가하여 1950년대 초까지 약 250만 명에 달했습니다. 나치 독일이 패배한 후, 굴라그에 종속된 NKVD가 운영하는 "특수 캠프" 10개가 전후 독일의 소련 점령 지역에 설치되었습니다. 이 "특수 수용소"는 독일인들을 포로로 둔, 이전의 나치 강제 수용소인 작센하우젠과 부헨발트 수용소였습니다. 그러나 굴래그 수용소의 대부분은 시베리아 북동쪽의 매우 먼 지역(노릴스크 근처의 콜리마 강과 노릴래그)과 주로 카자흐스탄의 초원들에 위치해 있었습니다. 이곳은 도로가 없는 광활하고 인적이 드문 지역이었습니다.(실제로 도로 건설 자체가 특화된 철도 수용소 수용자들에게 배정되었습니다.);;;;;;;;;;X
wb_credit_facillity;세계은행 신용 시설;;;;;;;;;;X
wb_credit_facillity_title;세계은행 보증 약정;;;;;;;;;;X
wb_credit_facillity_desc;브레튼우즈협회의 회원으로서 국제통화기금과 세계은행이 주는 자본에 대한 대출 보증을 할 필요가 있습니다. 그 금액은 주요 자본 가중치에 기초합니다. 세계은행은 회원국에 보증 금액의 4,000억달러를 증액해 줄 것을 요청했습니다. 원래 4,000억달러에서 증가될 위험의 대부분은 신용 시설의 투자 불이행 발생 시 AAA 등급의 국가들과 궁극적으로 그들의 납세자들에게 돌아갑니다. 보증 증액은 모든 회원국에서 승인했습니다.;;;;;;;;;;X
wb_loan;세계은행 대출;;;;;;;;;X
wb_loan_title;세계은행 대출;;;;;;;;;X
wb_loan_desc;세계은행과 국제통화기금애개 국내 정책에 대한 정치적 영향력을 부여하는 대가로 세계은행이나 국제통화기금에 구제금융을 요청합니다. 세계은행과 국제통화기금의 조건성은 세계은행과 국제통화기금은 재정자원을 대가로 요구하는 일련의 정책이나 조건입니다. 세계은행과 국제통화기금은 국가들로부터 대출을 위해 담보물을 요구하지만 또한 정부가 정책 개혁의 형태로 거시경제 불균형을 시정하기 위한 지원을 요청합니다. 조건이 충족되지 않으면 자금이 보류됩니다. 조건성은 아마도 세계은행과 세계은행과 국제통화기금의 정책에서 가장 논란이 많은 측면일 것입니다. 조건부 개념은 1952년 경영진의 결정에 도입되었고 나중에 합의문에 통합되었다. 조건성은 상환을 위한 시행 메커니즘뿐만 아니라 경제 이론과 연관되어 있습니다. 조건성의 이론적 뒷받침은 "지급수지에 대한 화폐적 접근법"이었습니다. 만약 구제금융을 받는다면 100,000달러를 증여받을 것입니다.;;;;;;;;;;X
wb_loan_rejected;세계은행 대출 거부;;;;;;;;;;X
uk_war_debt;영국 전쟁부채;;;;;;;;;;X
uk_war_debt_title;영국 전쟁 부채 상환 및 채무 재조정;;;;;;;;;;X
uk_war_debt_desc;영-미간 대출 협정은 1946년 7월 15일 미국이 2차 세계대전 후 영국에 대출한 것입니다.이 대출은 주로 영국이 전쟁 중 미국에 부담하는 책임뿐만 아니라, 전후 즉시 영국의 해외 지출을 지원하고 노동 정부의 복지 개혁을 이행하지 않기 위해 이루어졌다. 영국 재무부 관리들은 만약 영국이 해외의 주요 공약에서 탈퇴한다면 노동정부의 국내 개혁을 차관 없이 이행할 수 있을 것으로 믿었습니다. 대출은 조건에 따라 이루어졌고, 대출은 조건에 따라 이루어졌고, 그 중 가장 큰 손해는 스털링의 전환 가능성이었다. 전환이 의도한 바는 아니었지만, 전환의 효과는 영국의 전후 경제 문제를 악화시키는 것이었다. 국제 파운드화는 1947년 7월 15일 대출이 승인된 지 1년 후에 전환이 가능해졌다. 한 달 안에, 영국 수출품을 사들여 벌었고, 지금은 달러를 받고 영국에 팔도록 허락된, 영국 정부가 전환가능성을 중단하고 즉시 대폭적인 감축을 시작할 수 밖에 없는 영국 달러 보유액에서 거의 10억 달러를 인출했습니다. 국내외 지출. 달러 보유고의 급격한 손실은 또한 1949년에 적절히 평가 절하되었던 스털링의 약점을 부각시켰습니다.;;;;;;;;;;X
olympics_bid_title;올림픽 입찰;;;;;;;;;;;;;x
olympics_bid_desc;현대 올림픽은 전 세계 수천 명의 선수들이 다양한 대회에 참가하는 여름과 겨울 스포츠 경기를 특징으로 하는 국제적인 스포츠 행사입니다. 올림픽 경기는 200개 이상의 국가가 참가하는 세계 최고의 스포츠 대회로 여겨집니다. 국가 올림픽 위원회는 그들의 국토 도시 내에서 올림픽을 개최하기 위한 입찰에 나설 것을 선택합니다. 1894년 국제올림픽위원회(IOC)가 창설된 이래 고대 그리스 올림픽의 이름을 현대 스포츠 이벤트로 성공적으로 전용한 이후, 관심 있는 도시들은 하계 올림픽이나 동계 올림픽의 개최지로 선정되기 위해 격렬해졌습니다.;;;;;;;;;;;;;x
winter_olympics_bid_title;동계 올림픽 입찰;;;;;;;;;;;;;x
winter_olympics_bid_desc;동계 올림픽은 4년에 한 번씩 열리는 중요한 국제 스포츠 행사입니다. 하계 올림픽과는 달리, 동계 올림픽은 눈과 얼음 위에서 연습하는 스포츠를 특징으로 합니다. 국가 올림픽 위원회는 그들의 국토 도시 내에서 올림픽을 개최하기 위한 입찰에 나설 것을 선택합니다. 1894년 국제올림픽위원회(IOC)가 창설된 이래 고대 그리스 올림픽의 이름을 현대 스포츠 이벤트로 성공적으로 전용한 이후, 관심 있는 도시들은 하계 올림픽이나 동계 올림픽의 개최지로 선정되기 위해 격렬해졌습니다.;;;;;;;;;;;;;x
winter_olympics_1948_title;1948 동계 올림픽;;;;;;;;;;;;;x
winter_olympics_1948_desc;1946년 9월 국제올림픽협회가 스위스 로잔에서 열린 제39차 총회에서 1948년 대회 개최지로 세인트 모리츠를 선정했습니다. 후보지는 세인트 모리츠가와 미국 레이크 플라시드였으며 세인트 모리츠가 선정된 이유는 전쟁 당시 중립을 지킨 스위스에 있었던데다, 1928년 이미 동계 올림픽을 개최했기 때문에 올림픽 개최 준비가 이전보다 단순하고 경제적일 것이라는 계산에 따름입니다. 많은 장소들의 존재하나 18개월 이내에 동계 올림픽을 조직하는 것은 여전히 어려운 과제입니다.;;;;;;;;;;;;;x
burj_khalifa_title;부르즈 할리파;;;;;;;;;;;;;x
burj_khalifa_desc;부르즈 할리파 ("할리파의 탑"), 버즈 두바이로 알려진 이 빌딩은 아랍에미리트 두바이의 초대형 고층 빌딩입니다. 829.8m로 세계에서 가장 높은 인공 구조물입니다 ;;;;;;;;;;;;;x
canton_tower_title;광저우 타워;;;;;;;;;;;;;x
canton_tower_desc;광저우 TV 천문 및 관광 타워로 알려진 광동 타워는 중국 광동 하이즈후 지역에 있는 600미터 높이의 다목적 관측 타워입니다. 이 탑은 2009년에 제일 높은 인공 구조물이었고, 2010년 9월 29일에 2010년 아시안 게임을 위해 운영되었다. 도쿄 스카이트리(東京 replacing)에 추월당하기 전까지 CN타워를 대체하면서 세계에서 가장 높은 타워라는 칭호를 잠시 유지했습니다.;;;;;;;;;;;;;x
shanghai_world_financial_center_title;상하이 세계금융센터;;;;;;;;;;;;;x
shanghai_world_financial_center_desc;상하이 세계금융센터는 중국 상하이 푸둥지역에 위치한 초고층 빌딩 사무실, 호텔, 회의실, 전망대, 1층 쇼핑몰 등으로 구성된 복합용도 초고층 건물입니다. 파크 하얏트 상하이는 79층부터 93층까지 174개의 객실과 스위트룸으로 구성되어 있으며 세계에서 두 번째로 높은 호텔을 이루고 있습니다.;;;;;;;;;;;;;x
cn_tower_title;CN 타워;;;;;;;;;;;;;x
cn_tower_desc;CN 타워는 캐나다 온타리오 주 토론토의 553.33m 높이의 콘크리트 통신 및 관측 타워입니다. 그것은 1976 년에 완공되어 당시 세계에서 가장 높은 독립 구조와 세계에서 가장 높은 탑이되었습니다. 그것은 서반구에서 가장 높은 독립 구조, 토론토의 스카이 라인의 상징적 인 상징이며 캐나다의 상징으로 연간 200 만 명 이상의 국제 방문객을 끌어 모으고 있습니다.;;;;;;;;;;;;;x
sears_tower_title;시어스 타워;;;;;;;;;;;;;x
sears_tower_desc;시어스타워는 미국 일리노이주 시카고에 있는 108층 442m의 초고층 건물입니다. 1973년 완공되었을 때, 그것은 뉴욕에 있는 월드 트레이드 센터 타워를 뛰어넘어 거의 25년 동안 유지되었던 이름인 세계에서 가장 높은 빌딩이 되었습니다. 윌리스 타워는 미국에서 두 번째로 높고 세계에서 12번째로 높은 건물입니다. 매년 백만 명 이상의 사람들이 이 전망대를 방문해서 시카고에서 가장 인기 있는 관광지 중 하나가 됩니다. 이 구조물은 윌리스 그룹에 의해 2009년에 타워의 일부 공간을 임대하는 임대계약의 일부로 이름이 바뀌었습니다.;;;;;;;;;;;;;x
world_trade_center_title;세계 무역 센터;;;;;;;;;;;;;x
world_trade_center_desc;완공 당시 417m, 2m의 세계무역센터(World Trade Center)에 있는 "Twin Towers"는 세계에서 가장 높은 건물이었다. 단지 내 다른 건물들에는 메리어트 월드 트레이드 센터(3WTC), 4 WTC, 5 WTC, 6 WTC, 7 WTC가 포함되었습니다. 이 모든 건물들은 1975년에서 1985년 사이에 지어졌습니다. 이 단지는 뉴욕시 금융구에 위치하고 있으며 1만3400평방피트의 사무실 공간을 갖추고 있었다.;;;;;;;;;;;;;x
tokyo_tower_title;도쿄 타워;;;;;;;;;;;;;x
tokyo_tower_desc;도쿄타워는 일본 도쿄 미나토 시바코엔 지역에 위치한 통신·관측탑입니다. 332.9미터로 일본에서 두 번째로 높은 구조물입니다. 이 구조물은 에펠탑에서 영감을 받은 격자탑으로, 항공안전 규정을 준수하기 위해 흰색과 국제 오렌지로 칠해져 있습니다.;;;;;;;;;;;;;x
tokyo_skytree_title;도쿄 스카이 트리;;;;;;;;;;;;;x
tokyo_skytree_desc;이 타워는 간토 지역의라디오 방송 사이트이다. 오래된 도쿄 타워는 고층 건물로 둘러싸여 있기 때문에 더 이상 완전한 디지털 지상파 텔레비전 방송을 제공하지 않습니다. 스카이 트리는 2012년 2월 29일에 완공되었으며, 2012년 5월 22일에 대중에게 개방되었습니다. 이 탑은 토부 철도가 자금을 댄 대규모 상업 개발 센터이자 NHK를 단장으로 하는 6개 지상파 방송사의 모임입니다. 열차는 인접한 도쿄 스카이트리역과 인근 오쉬리역에서 정차하며, 단지는 도쿄역에서 북동쪽으로 7km(4.3mi)입니다.;;;;;;;;;;;;;x
ostankino_tower_title;오스탄키노 타워;;;;;;;;;;;;;x
ostankino_tower_desc;오스탄키노 타워는 러시아 모스크바의 TV와 라디오 방송 네트워크의 모스크바 지사가 소유한 텔레비전과 라디오 타워입니다. 키가 540.1미터인 오스탄키노는 니콜라이 니키틴에 의해 디자인되었습니다. 그것은 현재 유럽에서 가장 높고 세계에서 8번째로 높은 구조입니다. 이 탑은 높이가 500m(1,600ft)를 넘은 최초의 독립 구조물이었습니다. 오스탄키노는 10월 혁명의 50주년을 기념하기 위해 만들어졌습니다. 그것은 그것이 위치한 모스크바의 오스탄키노 지역의 이름을 따서 지어졌습니다.;;;;;;;;;;;;;x
taipei_101_title;타이페이 101;;;;;;;;;;;;;x
taipei_101_desc;타이페이 101은 타이페이 세계 금융 센터로 알려진 타이페이 101로, 대만 타이페이 시에 있는 역사적인 초고층 건물입니다. 이 건물은 2004년에 공식적으로 세계에서 가장 높은 건물로 분류되었습니다.타이베이 101은 아시아 태평양 지역에서 흔히 볼 수 있는 태풍과 지진 진동에 견딜 수 있도록 고안되었습니다. 이 타워에는 튜닝된 질량 댐퍼 역할을 하는 강철 진자가 있습니다. 92층에서 87층까지 정지된 진자는 강한 돌풍에 의한 건물의 움직임을 상쇄하기 위해 방향을 틀었습니다. ;;;;;;;;;;;;;x
petronas_towers_title;페트로나스 타워;;;;;;;;;;;;;x
petronas_towers_desc;페트로나스 트윈 타워라고도 알려진 페트로나스 타워는 말레이시아 쿠알라룸푸르에 있는 쌍둥이 빌딩입니다. 고층빌딩협의회의 공식 정의와 순위에 따르면, 1998년부터 2004년까지 세계에서 가장 높은 빌딩이며 세계에서 가장 높은 쌍둥이 빌딩으로 남아 있습니다. 건물들은 쿠알라룸푸르와 인근 쿠알라룸푸르 타워의 랜드마크입니다.;;;;;;;;;;;;;x
abraj_al_bait_title;아브라즈 알 바이트;;;;;;;;;;;;;x
abraj_al_bait_desc;마카 왕립 시계탑호텔로도 알려진 아브라지 알 바이트 타워는 사우디 메카에 있는 정부 소유의 대형 빌딩입니다. 이 탑들은 왕 압둘라지즈 기부 프로젝트의 일부로서, 순례자들의 요구에 맞춰 도시를 현대화하기 위해 노력하고 있습니다. 이 중앙 호텔 건물은 세계에서 가장 큰 시계 면을 가지고 있으며 세계에서 세 번째로 높은 건물이며 네 번째로 높은 프리스트랜딩 구조입니다. 이 빌딩 단지는 세계에서 가장 큰 모스크와 이슬람교의 가장 신성한 장소인 마스지드 알-하람에서 몇 미터 떨어져 있습니다. 이 단지의 개발업자와 건설업자는 사우디 최대의 건설회사인 빈라딘 그룹입니다.;;;;;;;;;;;;;x
kingdom_tower_title;지다 타워;;;;;;;;;;;;;x
kingdom_tower_desc;지다 타워는 현재 사우디아라비아 제다에 건설 중인 초고층 건물입니다. 제다 북쪽의 홍해를 따라 위치한 킹덤 시티로 알려진 개발 계획의 중심이자 첫 단계가 될 것입니다. 계획대로 완공되면 지다 타워는 전대미문의 높이에 도달하여 세계에서 가장 높은 빌딩이 될 것이며, 1킬로미터를 넘는 최초의 건물이 될 것입니다.;;;;;;;;;;;;;x
one_world_trade_center_title;원 월드 트레이드 센터;;;;;;;;;;;;;x
one_world_trade_center_desc;원 월드 트러이드 센터는 뉴욕 맨해튼에 있는 새로운 World Trade Center Complex의 본관을 말합니다. 이 빌딩은 서반구에서 가장 높고 세계에서 다섯 번째로 높은 고층 빌딩입니다. 104층 높이의 이 건물은 2001년 9월 11일 테러공격으로 파괴된 원래 세계무역센터의 북쪽 타워와 숫자 이름을 공유하고 있습니다.;;;;;;;;;;;;;x
shanghai_tower_title;상하이 타워;;;;;;;;;;;;;x
shanghai_tower_desc;상하이 타워는 상하이 푸둥 루자즈이의 거대한 고층 건물입니다. 푸둥에 인접한 3개의 초고층 건물 중 가장 높은 건물이고, 나머지 2개는 진마오 타워와 상하이 세계 금융 센터입니다. 그 건물은 높이가 약 632미터이고 128층입니다. 높은 에너지 효율성과 지속가능성을 위해 설계된 동종 구조물은 사무실, 소매 및 레저용으로 여러 개의 별도 구역을 제공합니다.;;;;;;;;;;;;;x
lotte_world_tower_title;롯데월드타워;;;;;;;;;;;;;x
lotte_world_tower_desc;롯데월드타워는 현재 한국 서울에 있는 2세대 롯데월드 단지에 건설 중인 123층, 555m2의 초고층 건물입니다. 완공되면 한반도에서 가장 높은 건물로, 세계에서 네 번째로 높은 건물이 된다.;;;;;;;;;;;;;x
international_commerce_centre_title;국제상업센터;;;;;;;;;;;;;x
international_commerce_centre_desc;국제상업센터는 홍콩 웨스트 카우룽에 위치한 108층짜리 484m 상업용 초고층 건물로, 2010년에 완공되었습니다. 구룡역 꼭대기에 있는 유니언스퀘어 계획의 일부이기도 합니다.;;;;;;;;;;;;;x
q1_title;퀸즐랜드 넘버원;Q1;;;;;;;;;;;;;x
q1_desc;퀸즐랜드 넘버원은 퀸즐랜드 골드 코스트의 서퍼스 파라다이스에 있는 초고층 빌딩입니다. 2011년 4월 29일 두바이 마리나 토치 348m 빌딩으로 세계에서 가장 높은 주거용 타워라는 타이틀을 잃었습니다. 2012년 5월 현재 이 건물은 6번째로 높은 건물입니다. Q1은 호주와 남반구에서 가장 높은 건물입니다.;;;;;;;;;;;;;x
mercury_city_tower_title;머큐리 시티 타워;;;;;;;;;;;;;x
mercury_city_tower_desc;머큐리 시티 타워는 모스크바의 1109피트 높이의 초고층 빌딩이며 유럽에서 가장 높은 빌딩입니다(2015년 8월 기준). 모스크바 국제 비즈니스 센터에 위치하고 있으며, 2009년부터 공사가 시작되었습니다. 2012년 11월 1일 338.8m로 유럽에서 가장 높은 빌딩으로 런던의 더 샤드를 제치고 1위를 차지했습니다.;;;;;;;;;;;;;x
yamoussoukro_title;야무수크로;;;;;;;;;;;;;x
yamoussoukro_desc;야무수크로의 평화의 성모 바실리카는 코스타리카의 행정 수도 야무수크로의 평화의 성모님을 기리는 로마 카톨릭의 소수 성모 바실리카입니다. 바질리카는 1985년에서 1989년 사이에 3억 달러를 들여 건설되었다. 돔과 둘러싸인 광장의 디자인은 바티칸 시에 있는 성 베드로 대성당의 바실리카에서 분명히 영감을 얻었습니다. 비록 그것이 완전한 복제품은 아니지만요. 주춧돌은 1985년 8월 10일에 세워졌고, 1990년 9월 10일 교황 요한 바오로 2세에 의해 축성되었습니다.;;;;;;;;;;;;;x
istiqlal_mosque_title;이스티칼 모스크;;;;;;;;;;;;;x
istiqlal_mosque_desc;인도네시아 자카르타의 이스티칼 모스크 (독립 모스크)는동남아시아에서 가장 큰 이슬람 사원입니다. 인도네시아의 이 국립 사원은 인도네시아의 독립을 기념하기 위해 지어졌으며 "독립"을 뜻하는 아랍어인 "이스티칼"이라고 명명했습니다. 그 모스크는 1978년 2월 22일 대중에게 공개되었습니다. 자카르타 내에는, 모스크가 메르데카 광장과 자카르타 대성당 옆에 위치해 있습니다.;;;;;;;;;;;;;x
three_gorges_dam_title;싼샤 댐;;;;;;;;;;;;;x
three_gorges_dam_desc;삼협댐은 중국 후베이성 이창시 이창에 위치한 산두핑시 옆 양쯔강을 가로지르는 수력발전 댐입니다. 삼협댐은 설치 용량(2만2500MW) 면에서 세계 최대 발전소입니다. 댐은 연간 에너지 발전량으로는 최대 규모의 수력발전소입니다;;;;;;;;;;;;;x
itaipu_dam_title;이타이푸 댐;;;;;;;;;;;;;x
itaipu_dam_desc;브라질과 파라과이 사이의 경계에 위치한 강. "이타이푸"라는 이름은 공사장 근처에 있던 섬에서 따온 것입니다. 과라니어로, 이타이푸는 "소리 나는 돌"을 의미합니다.이 댐은 연간 에너지 발전량으로는 두 번째로 규모가 큰 수력발전소입니다;;;;;;;;;;;;;x
guri_dam_title;유리 댐;;;;;;;;;;;;;x
guri_dam_desc;유리 댐은 베네수엘라 볼타르 주에 있는 카로니강변에 있는 콘크리트 중력 및 제방댐입니다. 정식명칭은 시몬 볼리바르 하이드로일렉트릭 플랜트 입니다. 길이는 7,426미터이고 높이는 162미터입니다. 그것은 4,250 평방 킬로미터의 면적을 가진 거대한 구리 저수지를 가지고 있습니다. 그것은 베네수엘라에서 가장 큰 담수이고 세계에서 11번째로 큰 인공 호수입니다.;;;;;;;;;;;;;x
aswan_dam_title;아스완 댐;;;;;;;;;;;;;x
aswan_dam_desc;아스완 댐은 1898년에서 1902년 사이에 나일강을 건너 이집트 아스완에 건설된 제방댐입니다. 1960년대 이후, 그 이름은 보통 아스완 하이 댐을 가리킵니다. 1952년 이집트 혁명 이후 이집트 정부의 핵심 목표가 된 하이 댐 건설은 홍수를 통제하고, 관개를 위한 물을 제공하고, 수력 발전을 만드는 능력이 이집트 산업화의 핵심으로 여겨졌기 때문입니다. 하이 댐은 1960년에서 1970년 사이에 건설되었고 이집트의 경제와 문화에 중요한 영향을 끼쳤습니다.;;;;;;;;;;;;;x
gardiner_dam_title;가디너 댐;;;;;;;;;;;;;x
gardiner_dam_desc;사스캐처완 남사스캐처원 강에 있는 가디너 댐은 캐나다에서 세 번째로 큰 제방댐이며 세계에서 가장 큰 제방댐 중 하나입니다. 가디너 댐과 더 작은 퀘펠레강 댐은 1959년에 착공하여 1967년에 완공되었으며, 남사스캐처완의 흐름의 상당 부분을 상류에 만들어 퀘펠레강으로 흘러들어갔습니다. 이 댐의 높이는 64m(209피트)이고, 길이는 거의 5km(3.1mi)이며, 바닥의 폭은 1.5km(0.93mi)이며, 부피는 65만 입방미터입니다. 이 댐은 서스캐처원 수상 관청이 소유하고 운영하고 있습니다.;;;;;;;;;;;;;x
tarbela_dam_title;타벨라 댐;;;;;;;;;;;;;x
tarbela_dam_desc;파키스탄 인더스 강의 타벨라 댐은 세계에서 가장 큰 흙으로 가득 찬 댐이며 구조상으로 볼 때 두 번째로 큽니다. 토피 인근 이슬라마바드에서 북서쪽으로 약 50km(31mi) 떨어진 하리푸르 지역에 위치한 타벨라의 이름을 딴 것입니다. 이 댐은 강바닥에서 485피트(148m) 높이를 가지고 있습니다. 댐은 타벨라 저수지를 형성하며, 표면적은 약 250평방 킬로미터(97 sq mi)입니다. 이 댐은 1976년에 완공되어 관개, 홍수조절, 수력발전을 위해 인더스강의 물을 저장하도록 설계되었습니다.;;;;;;;;;;;;;x
ataturk_dam_title;아타튀르크 댐;;;;;;;;;;;;;x
ataturk_dam_desc;원래 카라바 댐이었던 아타튀르크 댐은 터키 남동부 아나톨리아 지역의 아디야만주와 산리우르파 주 경계 유프라테스 강에 위치한 댐입니다. 전기를 생산하는 동시에 이 지역의 평원을 관개하기 위해 지어졌으며, 터키 공화국 창시자인 무스타파 케말 아타투르크(1881~1938)의 이름으로 개명되었습니다. 1983년에 착공하여 1990년에 완공되었습니다. 댐과 수력 발전소는 1992년 저수지의 보충이 완료된 후 가동되었다. 이 발전소는 주 수력 발전소(DSI)에 의해 운영되며, 댐 뒤에 만들어진 저수지는 터키에서 세 번째로 큽니다.;;;;;;;;;;;;;x
samara_dam_title;사마라 댐;;;;;;;;;;;;;x
samara_dam_desc;이전에는 쿠이비셰프 수력 발전소는 러시아 사마라 주 토일야티 근처에 위치한 볼가 강의 대형 댐 및 수력 발전소 입니다.;;;;;;;;;;;;;x
houtribdijk_title;호트립디크;;;;;;;;;;;;;x
houtribdijk_desc;호트립디크는 네덜란드의 제방이며, 1963년에서 1975년 사이에 자이더르해 사이에 두고 있는 렐리스터드와 엥크하위전을 연결하기 위해 건설되었다. 제방의 서쪽에는 마르커르호가 있고 동쪽에는 에이셀 호가 있습니다. 이 27킬로미터 길이의 둑은 마르케르와르를 위한 것이었지만, 이 간척지는 건설될 것 같지 않습니다. 제방이라고 불리지만, 사실 댐입니다.;;;;;;;;;;;;;x
tautona_mine_title;타우토나 광산;;;;;;;;;;;;;x
tautona_mine_desc;타우토나 광산은 남아프리카에 있는 금광입니다. 깊이가 3.9km(2.4mi)로 세계 최고 광산중 하나 입니다.;;;;;;;;;;;;;x
kidd_mine_title;키드 광산;;;;;;;;;;;;;x
kidd_mine_desc;키드 광산은 캐나다 온타리오주 팀민스의 지하 금속광산입니다. 이 회사는 2006년 8월 Falconbridge Ltd.에 이어 Xstrata Copper가 소유하고 운영하고 있습니다. 키드 광산의 광석은 이제 처리를 위해 퀘벡으로 배송됩니다. 키드 광산은 세계에서 가장 깊은 구리/아연 광산입니다.;;;;;;;;;;;;;x
akashi_kaikyo_bridge_title;아카시 대교;;;;;;;;;;;;;x
akashi_kaikyo_bridge_desc;진주교로도 알려진 아카시 카이교는 혼슈 본토의 고베 시와 일본의 아와지 섬의 이와야로 연결되어혼잡한 아카시 해협을 가로지릅니다. 혼슈시코쿠 고속도로의 일부를 나릅니다. 1998년 완공된 이후 이 다리는 1,991m(6,532ft, 1.237mi)로 세계에서 현수교 중 가장 긴 중앙 간격을 가지고 있습니다.;;;;;;;;;;;;;x
xihoumen_bridge_title;시호멘 교;;;;;;;;;;;;;x
xihoumen_bridge_desc;시호멘 교는 주산 군도에 건설된 현수교입니다. 주 간격은 2007년 12월 완공되었으며, 2009년 12월 25일 진탕대교와 함께 시험 개통되었다. 이 다리는 중앙 간격 길이만큼 순위가 매겨진 두 번째로 긴 현수교입니다. 2009년 11월 16일 진강대교 옆면이 약간 파손된 선박 충돌로 개통일이 연기되었습니다.;;;;;;;;;;;;;x
great_belt_bridge_title;스토레벨트 다리;;;;;;;;;;;;;x
great_belt_bridge_desc;스토레벨트 다리는 덴마크의 쉘란섬과 퓐섬을 잇는 다리입니다. 셸란 섬과 스프로괴 섬 사이는 도로 현수교와 철도 터널, 스프로괴 섬과 퓐 섬 사이는 박스 거더교가 설치되어 있습니다. 공식적으로 동교로 알려진 현수교는 주경간(1.6km)이 세계에서 세 번째로 길고, 아시아 밖이 가장 길다.;;;;;;;;;;;;;x
yi_sunsin_bridge_title;이순신 대교;;;;;;;;;;;;;x
yi_sunsin_bridge_desc;이순신대교는 한국의 남해안에 있는 현수교입니다. 이 다리는 여수 산업단지로 가는 접근로의 일부입니다. 2012년 개통된 이후 주경간 길이 1545m로 세계에서 네 번째로 긴 현수교입니다. 이름의 유래는 1545년 조선시대에 일본해군에 맞서 나라를 구한 한국의 제독의 이름인 "이순신" 의 이름입니다.;;;;;;;;;;;;;x
humber_bridge_title;험버 브릿지;;;;;;;;;;;;;x
humber_bridge_desc;영국 헐의 킹스턴 근처에 있는 험버 다리는 1981년 6월 24일에 개통된 2,220 미터 (7,280 ft) 단일 스판 현수교입니다. 이것은 열렸을 때 세계에서 가장 길었지만 지금은 7번째로 깁니다. 다리는 요크셔와 노스 링컨셔의 동편 라이딩을 연결하는 남쪽 둑의 바튼-읍-허버와 북쪽 둑의 헤슬 사이에 있는 험버(트렌트와 오우즈에 의해 형성된 하구)에 걸쳐 있습니다.;;;;;;;;;;;;;x
hardanger_bridge_title;하당에르 다리;;;;;;;;;;;;;x
hardanger_bridge_desc;하당에르 다리는 노르웨이의 호르달웨이 지역에서 하르당에르피오르덴을 가로지르는 현수교 입니다. 이 다리는 울렌스방과 울빅 자치구를 연결하여 오슬로와 베르겐의 주행시간을 단축시켰습니다. 또한 이 다리는 노르웨이에서 가장 긴 현수교 입니다.;;;;;;;;;;;;;x
verrazano_narrows_bridge_title;베라자노 내로스 교;;;;;;;;;;;;;x
verrazano_narrows_bridge_desc;베라자노 내로스 교는 스테이튼 섬과 부르클린의 뉴욕시 자치구를 연결하는 미국 뉴욕 주의 이중 데크형 현수교입니다.;;;;;;;;;;;;;x
bandra_worli_sea_link_title;벤드라-윌리 해상교량;;;;;;;;;;;;;x
bandra_worli_sea_link_desc;공식적으로 라지브 간디 해상교량이라고 불리는 벤드라-윌리 해상교량은 케이블로 된 다리이며 뭄바이 서부 해저의 반드라와 사우스 뭄바이의 월리를 연결하는 양쪽에 미리 응축된 콘크리트 철제 고가교입니다.이 다리는 서부 교외와 뭄바이 주요 상업구역을 잇는 고속도로의 일부 입니다.;;;;;;;;;;;;;x
wb_loan2;유럽 중앙은행 및 세계은행 대출;;;;;;;;;;;;;x
tu_austerity;긴축 조치;;;;;;;;;;;;;x
natural_disaster;자연재해;;;;;;;;;;;;;x
financial_crisis;금융위기;;;;;;;;;;;;;x
jihad_title;성전;;;;;;;;;;;;;x
jihad_desc;IS는 예언자 무함마드의 후계자로 추정되는 최고 지도자 칼리프가 이끄는 이슬람 국가인 칼리파국으로 자리매김하기 위해 노력했습니다. ISIL은 칼리프를 선언하면서 다음과 같이 선언했습니다. "모든 해적, 단체, 주 및 조직의 합법성은 칼리프 권위의 확대와 그들의 지역에 군대가 도착함으로써 무효가 된다." 이것은 우리가 주장하는 어떤 나라든 점령할 수 있다는 전쟁을 의미합니다!;;;;;;;;;;;;;x
salafi_movement;살라피주의;;;;;;;;;;;;;x
salafi_supressed;살라프 운동 억제;;;;;;;;;;;;;x
mosquito_coast_title;모스키토 해안;;;;;;;;;;;;;x
mosquito_coast_desc;미스키토 해안으로도 알려진 모스키토 해안은 역사적으로 오늘날의 니카라과와 온두라스의 동쪽 해안을 따라 형성되었습니다. 해안은 서부 카리브해 지역의 일부로, 오랫동안 영국의 지배를 받았지만 1894년에 니카라과로 편입되었습니다. ;;;;;;;;;;;;;x
dissolution_of_the_eastern_bloc_title;동구권 붕괴;;;;;;;;;;;;;x
dissolution_of_the_eastern_bloc_desc;몇 가지 이벤트가 발생하면 소련의 영향력이 약해지고, 결국 내부 약화로 붕괴될수 있숩니다. 소련을 약화시킬수 있는 이벤트는 다음과 같다:\n- 어떤 공산주의 국가든(공산주의가 강세인)동구권을 이탈한다.\n- 소련은 2차 세계대전의 여파로 그리스와 이탈리아에 공산정권을 수립하지 못하고 있습니다.\n- 독일이 나누어 졌습니다.\n- 소련/동독이 베를린 위기 때 베를린을 장악하지 못함\n- 유고슬라비아, 체코슬로바키아, 헝가리는 스탈린-티토분열, 프라하의 봄, 헝가리 혁명으로 소련의 영향권에서 빠져나왔습니다.\n- 소련은 쿠바 미사일 위기에 대한 강경한 입장을 유지하는데 실패했습니다.\n- 남한은 여전히 자유입니다.\n- 소련과 폴란드의 동맹이 무너졌습니다.\n;;;;;;;;;;;;;x
embankment_dam;방조댐;;;;;;;;;;;;;x
expulsion_of_sudeten_germans_title;독일인 인종청소;;;;;;;;;;;;;x
expulsion_of_sudeten_germans_desc;전쟁이 끝난뒤 몇달동안 "야만적인" 축출이 1945년 5월부터 8월까지 일어났습니다. 1945년 10월 28일, 체코슬로바키아 대통령 에드바르트 베니스는 체코슬로바키아에서 독일인들을 추방함으로써 "해결되어야 할 독일인 문제의 최종 해결"을 촉구 했습니다. 축출은 지방당국의 명령에 의해 집행되었고, 대부분 무장한 자원자들의 집단에 의해 집행되었는데, 수천 명의 사람들이 추방중 잔혹하게 죽었고, 그 결과 더많은 사람들이 굶주림과 질병으로 사망했습니다.;;;;;;;;;;;;;x
expulsion_of_germans_title;독일인 인종청소;;;;;;;;;;;;;x
expulsion_of_germans_desc;폴란드에서의 독일인의 축출은 제2차 세계대전 중과 이후 유럽에서 일어난 일련의 추방중 가장 큰 규모였습니다. 독일인 인구는 동독 영토와 전쟁전 폴란드를 포함한 현 폴란드의 영토범위 내에 있는 모든 지역에서 도망가거나 축출 되었습니다.;;;;;;;;;;;;;x
polish_population_transfers_title;폴란드 인구교환;;;;;;;;;;;;;x
polish_population_transfers_desc;우크라이나 및 벨로루시 소비에트 사회주의 공화국에서 폴란드로의 정착에 관한 문서는 1944년 9월 9일 루블린에서 흐루시초프와 폴란드 민족해방위원회 위원장인 에드워드 오소카-모라우스키가 서명했다(리투아니아 소비에트 사회주의 공화국과의 해당 문서는 9월 22일 서명). 이 문서에는 재정착 대상자가 누구이며, 그들이 가지고 갈 수 있는 재산과 그들이 해당 정부로부터 어떤 원조를 받을 수 있는지 명시되어 있었는데, 재정착은 두 단계로 나뉘었습니다. 첫째, 자격을 갖춘 시민들이 재정을 희망하는 것으로 등록되었습니다; 둘째, 그들의 요청은 해당 정부에 의해 검토되고 승인되었습니다. 우크라이나의 서부 지역에서 약 75만 명의 폴란드인과 유대인들이 추방되었고, 각각 약 20만 명이 벨라루스와 리투아니아 소비에트 사회주의 공화국에서 추방되었습니다.;;;;;;;;;;;;;x
deportation_of_germans_title;시베리아로 독일인을 추방하기;;;;;;;;;;;;;x
deportation_of_germans_desc;독일군을 시베리아로 이송하고 동 프로이센을 러시아 인들이 정착하도록 해야 합니다. 수천 명의 독일군 죄수들은 서방의 포로수용소에서 소련으로 이송되었습니다. 예를 들어, 6,000명의 독일 장교들이 서방에서 작센하우젠 수용소로 보내진 것으로 알려져 있는데, 당시는 NKVD 특별 수용소 중 하나였으며, 사실 시베리아로 이송된 것으로 알려져 있습니다.;;;;;;;;;;;;;x
guapore_rondonia_title;구앙포레를 혼도니아로;;;;;;;;;;;;;x
guapore_rondonia_desc;혼도니아는 브라질의 북서부에 위치한 주입니다. 서쪽으로는 아크리 주와 짧게 이어져있고, 북쪽으로는 아마조나스 주, 동쪽으로는 마토그로수 주, 그리고 남쪽으로는 볼리비아와 맞닿아 있습니다. 주도는 포르투벨류 입니다. 주의 이름은 칸디데 런던의 이름을 따서 지어졌습니다.;;;;;;;;;;;;;x
islamabad_title;새로운 수도 - 이슬라마바드;;;;;;;;;;;;;x
islamabad_desc;1958년에는 다른 요소들과 함께 위치,기후,물류및 방어를 특별히 강조하여 국가 수도에 적합한 부지를 선정하기 위해 위원회가 구성되었습니다. 위원회는 광범위한 탐색, 그리고 잠재적 부지에 대한 철저한 검토를 거쳐 1959년 라왈핀디 북동쪽 지역을 추천했습니다. 그리스 건축가 콘스탄티노스 아포스토루 독시아디스는 마갈라 힐즈 쪽으로 정점을 이루는 삼각형 모양의 격자 계획에 기초하여 도시를 설계했습니다. 수도는 카라치에서 이슬라마바드로 바로 옮겨지지 않았습니다. 60년대 초 라왈핀디로 잠시 옮겨졌고, 1966년 필수적인 개발 작업이 완료되었을 때 이슬라마바드로 다시 옮겨졌습니다.;;;;;;;;;;;;;x
naypyidaw_title;새로운 수도 - 네피도;;;;;;;;;;;;;x
naypyidaw_desc;버마로 알려진 미얀마의 수도는 네피도 입니다. 네피도는 헌법에 따라 네피도 연방령에서 관리되며, 2005년 11월 6일, 미얀마의 행정수도가 공식적으로 양곤에서 네피도로 옮겨졌습니다.;;;;;;;;;;;;;x
madras_tamil_nadu_title;마드라스 에서 타밀나두로;;;;;;;;;;;;;x
madras_tamil_nadu_desc;1947년 인도가 독립했을 때, 마드라스의 대통령 직은 오늘날 타밀 나두, 해안 안드라 프라데시, 오리사의 간잠 지역, 카나타카 남부 카나타카 지방, 그리고 케랄라의 일부 지역들로 구성된 마드라스 주가 되었습니다. 이후 언어에 따라 주를 나누었는데, 1969년, 마드라스 주는 "타밀 국"이라는 뜻의 타밀나두 라고 이름이 붙게 되었습니다.;;;;;;;;;;;;;x
bombay_mumbai_title;봄베이를 뭄바이로;;;;;;;;;;;;;x
bombay_mumbai_desc;996년, 새로 선출된 시브 세나가 이끄는 정부는 봄베이 시를 콜리 여신 뭄바데비의 이름을 따서 뭄바이로 개칭했습니다. 그리고 식민지때의 영국식 이름은 1996년 3월 4일 빅토리아 터미너스가 차트라파티 시바지 마하라즈로 개칭된 것처럼 삭제되었습니다.;;;;;;;;;;;;;x
bathurst_banjul_title;바서스트를 반줄로;;;;;;;;;;;;;x
bathurst_banjul_desc;1816년, 영국은 반줄을 노예 무역을 위한 교역소이자 근거지로 삼았습니다. 영국은 반줄섬을 성 메리 섬으로 개명했고, 그 당시 국무 장관이자 식민지였던 바서스트 백작의 이름을 따서 바서스트라고 이름 지었습니다. 그리고 그 이름은 1973년에 반줄로 바뀌었습니다.;;;;;;;;;;;;;x
frunze_bishkek_title;프룬제를 비슈케크로;;;;;;;;;;;;;x
frunze_bishkek_desc;1926년, 볼셰비키 장교인 미하일 프룬제의 이름을 따서 이 도시에 프룬제라는 이름이 붙여졌습니다. 1936년, 프룬제는 키르기즈 소비에트 사회주의 공화국의 수도가 되었습니다. 그리고 1991년 키르기스 의회는 수도 이름을 비슈케크로 변경했습니다.;;;;;;;;;;;;;x
kar_marx_stadt_chemnitz_title;카를마르크스슈타트를 켐니츠로;;;;;;;;;;;;;x
kar_marx_stadt_chemnitz_desc;1953년 5월 10일 동독 정부는 도시의 이름을 카를마르크스슈타트로 바꿨습니다. 1990년 4월 23일 통일이 가까워지자 정부는 도시의 이름에 관해 국민투표를 실시했고, 유권자의 76%가 "켐니츠"라는 옛 이름에 투표했습니다. 1990년 6월 1일 카를마르크스슈타트는 켐니츠로 바뀌었습니다.;;;;;;;;;;;;;x
madras_chennai_title;마드라스에서 첸나이로;;;;;;;;;;;;;x
madras_chennai_desc;1996년 7월 17일, 마드라스로 알려진 이 도시는 공식적으로 첸나이로 개명되었는데, 당시에는 별로 사용되지 않는 이름이었지만 지금은 전국적으로 사용하는 추세입니다.;;;;;;;;;;;;;x
stalino_donetsk_title;스탈리노에서 도네츠크로;;;;;;;;;;;;;x
stalino_donetsk_desc;1961년 11월 니키타 흐루시초프의 스탈린 격하운동 동안 도네츠크는 세베르스키도네츠강의 지류인 도네츠 강을 따라 이름이 바뀌었습니다.;;;;;;;;;;;;;x
stalinabad_dushanbe_title;스탈리나바드에서 두샨베로;;;;;;;;;;;;;x
stalinabad_dushanbe_desc;소련은 이 지역을 면화와 비단 생산의 중심지로 변모시켰고, 수만 명의 사람들이 도시로 이주했습니다. 북하라와 사마르칸트가 우즈베키스탄 소비에트 사회주의 공화국로 이전된 이후 수천명의 타지크 인들이 타지키스탄으로 이주하며 인구가 증가 했습니다. 1961년 11월 10일 스탈리나바드는 두샨베로 개칭되었습니다.;;;;;;;;;;;;;x
kazakh_placenames_title;카자흐스탄 개칭;Renaming Kazakhstan;;;;;;;;;;;;;x
kazakh_placenames_desc;러시아 제국이 카자흐족을 편입한 이후, 카자흐스탄의 영토는 점차 떠들썩해졌고, 러시아어가 카자흐어보다 더 많이 사용되었습니다. 이러한 경향은 소비에트 연방의 붕괴까지 계속되었습니다. 1990년대 카자흐스탄은 카자흐어를 홍보하기 위해 러시아어 지명을 카자흐어 이름으로 바꾸는 일련의 계획을 시행했습니다.;Ever since the incorporation of the Kazakh people into the Russian Empire, the Kazakh lands have been gradually russified, where the Russian language became used more predominantly than Kazakh. This trend continued well up until the collapse of the Soviet Union. In the 1990s, Kazakhstan went through a series of initiatives to rename Russian placenames to Kazakh names in order to promote the Kazakh language.;;;;;;;;;;;;;x
lyallpur_faisalabad_title;리알푸르에서 파이살라바드로;;;;;;;;;;;;;x
lyallpur_faisalabad_desc;리알푸르라는 이름의 기원은 영국 식민지 시대로 거슬러 올라갑니다. 영국은 펀자브의 주지사 제임스 브로드우드 라이올 경의 이름을 따서 이 도시의 이름을 짓기로 결정했습니다. 이 이름은 "도시"를 의미하는 오래된 산스크리트어로부터 유래된 "푸르"와 펀자브의 주지사 라이올의 성을 합쳐서 지어졌습니다. 1970년대 후반, 파키스탄 정부는 파키스탄에 여러 가지 재정적인 공헌을 한 사우디아라비아의 파이잘 왕을 기리기 위해 이 도시의 이름을 리알푸르에서 파이살라바드로 변경했습니다.;;;;;;;;;;;;;x
salisbury_harare_title;솔즈베리에서 하라레로;;;;;;;;;;;;;x
salisbury_harare_desc;수도는 1982년까지 솔즈베리라는 이름을 유지했지만, 짐바브웨 독립 2주년인 1982년 4월 18일, 도시명은 "잠을 자지 않는 사람"이라는 별명이 있던 니하라 쇼나 촌장의 하라레 코프제 근처의 마을로부터 이름을 따, 하라레로 변경되었습니다. 독립 전, "하라레"는 현재 므베어라고 알려진 흑인 거주구역의 이름이었다.;;;;;;;;;;;;;x
saigon_ho_chi_minh_city_title;사이공을 호찌민으로;;;;;;;;;;;;;x
saigon_ho_chi_minh_city_desc;1975년 4월 30일 베트남 전쟁이 끝났을 때, 그 도시는 베트남 인민군의 지배를 받았습니다. 미국과 남베트남(공산주의자들과 싸웠던)에서 "사이공의 몰락"이라고 불리는 반면 베트남 사회주의 공화국에서는 "사이공의 해방"이라고 부릅니다. 1976년, 베트남의 통일된 공산주의 사회주의 공화국이 수립되었을 때, 사이공 시와 주변의 지역을 합쳐 공산당 지도자인 호찌민을 기리는 호찌민 시를 만들었습니다.;;;;;;;;;;;;;x
nova_lisboa_huambo_title;노바리스보아를 우암부로;;;;;;;;;;;;;x
nova_lisboa_huambo_desc;1928년 우암부는 노바리스보아(새로운 리스본)로 개칭되었는데, 1975년 포르투갈로부터 독립한 이후, 노바리스보아는 원래 이름인 우암보로 되돌리게 되었습니다.;;;;;;;;;;;;;x
batavia_jakarta_title;바타비아를 자카르타로;;;;;;;;;;;;;x
batavia_jakarta_desc;제 2차 세계대전 이후 인도네시아 공화당은 인도네시아 독립을 위한 투쟁 중 연합군이 소유한 자카르타에서 철수하고 욕야카르타에 수도를 세웠습니다. 1950년 독립을 달성하자 자카르타는 다시 인도네시아의 수도가 되었습니다. 인도네시아 독립운동가의 아버지인 수카르노 대통령은 자카르타를 국제 대도시로 구상하고 공공연하게 민족주의적이고 현대주의적인 건축물로 정부 지원의 대형 프로젝트를 추진했습니다.;;;;;;;;;;;;;x
kongisberg_kaliningrad_title;쾨니히스베르크를 칼리닌그라드로;;;;;;;;;;;;;x
kongisberg_kaliningrad_desc;쾨니히스베르크가 칼리닌그라드로 개칭된 것은 1946년으로, 소련 최고소비에트 주석이자 상임위원회 위원장인 미하일 칼리닌의 서거를 기념해 붙여진 이름입니다. 이때 기존의 독일인들은 강제추방당했으며, 도시는 소련 인민들로 채워졌습니다.;;;;;;;;;;;;;x
leninabad_khujand_title;레니나바드를 후잔드로;;;;;;;;;;;;;x
leninabad_khujand_desc;이 도시는 1936년 1월 10일에 레니나바드로 개칭되었고 1991년까지 소련의 일부였습니다. 타지키스탄의 독립으로 후잔드는 타지키스탄에서 두번째로 큰 도시가 되었고, 소련의 해체이후 1992년 원래 명칭으로 돌아갔습니다.;;;;;;;;;;;;;x
leopoldville_kinshasa_title;레오폴드빌을 킨샤사로;;;;;;;;;;;;;x
leopoldville_kinshasa_desc;1965년 모부투는 쿠데타로 콩고의 대통령이 되었고, 나라의 사람들과 장소의 이름을 "아프리카화" 하는 정책을 펼쳤고, 1966년 레오폴드빌은 과거에 있었던 킨샤사라는 마을의 이름으로 개칭되었습니다.;;;;;;;;;;;;;x
stanleyville_kisangani_title;스탠리빌을 키상가니로;;;;;;;;;;;;;x
stanleyville_kisangani_desc;1970년 "자이르화"정책이 실행되며 스탠리빌은 키상가니로 변경되었습니다.;;;;;;;;;;;;;x
lourenco_marques_maputo_title;로렌수마르케스를 마푸투로;;;;;;;;;;;;;x
lourenco_marques_maputo_desc;모잠비크 인민공화국은 1975년 6월 25일에 선포되었고, 수도의 주변 강의 이름이었던 마푸투를 수도의 이름으로 정하게 됩니다.;;;;;;;;;;;;;x
leningrad_saint_petersburg_title;레닌그라드를 상트페테르부르크로;;;;;;;;;;;;;x
leningrad_saint_petersburg_desc;1924년 1월 21일 레닌이 사망하자 26일 그를 기념하기위해 시의 이름을 레닌그라드로 개칭하게 되었고, 1991년 6월 12일 주민투표로 상트페테르부르크로 복귀되었습니다.;;;;;;;;;;;;;x
mukden_shenyang_title;묵던을 선양으로;;;;;;;;;;;;;x
mukden_shenyang_desc;일본 점령깅 선양은 광범위한 철도망을 이용해 만주의 자원을 활용하기 위하여 선양을 중공업의 중심지로 개발했습니다. 그리고 당시 일본의 괴뢰국이었던 만주국은 만주어로 묵던이라는 이름을 사용했고, 세계대전이 끝난뒤 중화 인민공화국이 세워지자 다시 선양이라는 이름으로 돌아오게 되었습니다.;;;;;;;;;;;;;x
port_arthur_lushun_title;포르트 아르투르를 뤼순으로;;;;;;;;;;;;;x
port_arthur_lushun_desc;뤼순은 흔히 포르트 아르투르(아서의 러시아식 발음)로 알려져 있습니다. 이제 우리식 이름으로 바꿔야 합니다.;;;;;;;;;;;;;x
rangoon_yangon_title;랑군을 양곤으로;;;;;;;;;;;;;x
rangoon_yangon_desc;랑군이라고도 알려진 양곤은 미얀마의 수도이자 양곤 지역의 수도입니다. 1989년, 현 군정은 버마 이름의 영어 번역에 있어서 많은 다른 변화들과 함께 도시의 영어 이름을 "양곤"으로 변경했습니다.;;;;;;;;;;;;;x
titograd_podgorica_title;티토그라드를 포드고리차로;;;;;;;;;;;;;x
titograd_podgorica_desc;포드고리차는 몬테네그로에서 가장 큰 도시이자 수도 입니다. 유고슬라비아 사회주의 공화국이 있던 1946부터 1992년까지는 티토그라드라고 불렸습니다.;;;;;;;;;;;;;x
communist_bloc_leader;공산진영 맹주;;;;;;;;;;;;;x
democratic_bloc_leader;자유진영 맹주;;;;;;;;;;;;;x
communist_bloc;공산진영;;;;;;;;;;;;;x
democratic_bloc;자유진영;;;;;;;;;;;;;x
nam_bloc;비동맹진영;;;;;;;;;;;;;x
independent_bloc;독립주의자;;;;;;;;;;;;;x
join_communist_bloc_title;공산진영 가입;;;;;;;;;;;;;x
join_communist_bloc_desc;공산진영에 가입합니다. 동구권은 북대서양 조약기구 회원국들이 공산국가인 중유럽과 동유럽(일반적으로 소비에트 연방과 바르샤바 조약의 회원국)을 지칭했던 이름입니다. 공산진영과 소비에트 진영이라는 용어는 용어도 소련과 제휴한 국가들의 집단을 나타내지만, 동구권과 달리 유럽 외부의 공산주의 국가들도 포함합니다.;;;;;;;;;;;;;x
join_democratic_bloc_title;자유진영 가입;;;;;;;;;;;;;x
join_democratic_bloc_desc;자유진영에 가입합니다. 냉전시대 당시 서구권 또는 자유진영은 소련과 그 동맹국에 대항해 미국 및 북대서양 조약기구와 연합한 국가들을 말합니다. 영어권에서는 서구권보다는 민주진영을 더 많이 사용했으며, 서구권의 정부와 언론은 스스로를 자유진영 또는 서구세계라고 부르는 경향이 더 강했습니다.;The Western Bloc or Democratic Bloc during the Cold War refers to the countries allied with the United States and NATO against the Soviet Union and its allies. The latter were referred to as the Eastern Bloc, a more common term in English than Western Bloc. The governments and press of the Western Bloc were more inclined to refer to themselves as the Free World or the Western world.;;;;;;;;;;;;;x
join_nam_bloc_title;비동맹진영 가입;;;;;;;;;;;;;x
join_nam_bloc_desc;이 운동은 유고슬라비아의 요시프 브로즈 티토 대통령, 인도의 초대 수상 자와할랄 네루, 인도네시아의 초대 대통령 수카르노, 이집트의 대통령 가말 압델 나세르의 창안에서 나왔습니다. 비동맹 운동은 1961년 유고슬라비아의 수도 베오그라드에서 창설되어, 2011년 기준으로 120개 회원국과 18개 참관국이 있습니다. 비동맹 운동의 목표는 1979년 아바나 선언에서 천명한 "강대국이나 블록에 대항할 뿐 아니라, 제국주의, 식민주의, 신식민주의, 인종주의, 모든 형태의 외국 침략, 점령, 지배, 간섭, 패권과 투쟁하여" "비동맹 국가들의 독립, 주권, 영토 통일, 안보"를 보장하는 것 입니다.;;;;;;;;;;;;;x
leave_communist_bloc_title;공산진영 탈퇴;;;;;;;;;;;;;x
leave_communist_bloc_desc;공산진영을 탈퇴합니다. 동구권은 북대서양 조약기구 회원국들이 공산국가인 중유럽과 동유럽(일반적으로 소비에트 연방과 바르샤바 조약의 회원국)을 지칭했던 이름입니다. 공산진영과 소비에트 진영이라는 용어는 용어도 소련과 제휴한 국가들의 집단을 나타내지만, 동구권과 달리 유럽 외부의 공산주의 국가들도 포함합니다.;;;;;;;;;;;;;x
leave_democratic_bloc_title;자유진영 탈퇴;;;;;;;;;;;;;x
leave_democratic_bloc_desc;자유진영을 탈퇴합니다. 냉전시대 당시 서구권 또는 자유진영은 소련과 그 동맹국에 대항해 미국 및 북대서양 조약기구와 연합한 국가들을 말합니다. 영어권에서는 서구권보다는 민주진영을 더 많이 사용했으며, 서구권의 정부와 언론은 스스로를 자유진영 또는 서구세계라고 부르는 경향이 더 강했습니다.;The Western Bloc or Democratic Bloc during the Cold War refers to the countries allied with the United States and NATO against the Soviet Union and its allies. The latter were referred to as the Eastern Bloc, a more common term in English than Western Bloc. The governments and press of the Western Bloc were more inclined to refer to themselves as the Free World or the Western world.;;;;;;;;;;;;;x
leave_nam_bloc_title;비동맹주의진영 탈퇴;;;;;;;;;;;;;x
leave_nam_bloc_comm_title;비동맹진영 탈퇴;;;;;;;;;;;;;x
leave_nam_bloc_comm_desc;비동맹주의 진영을 탈퇴합니다. 이 운동은 유고슬라비아의 요시프 브로즈 티토 대통령, 인도의 초대 수상 자와할랄 네루, 인도네시아의 초대 대통령 수카르노, 이집트의 대통령 가말 압델 나세르의 창안에서 나왔습니다. 비동맹 운동은 1961년 유고슬라비아의 수도 베오그라드에서 창설되어, 2011년 기준으로 120개 회원국과 18개 참관국이 있습니다. 비동맹 운동의 목표는 1979년 아바나 선언에서 천명한 "강대국이나 블록에 대항할 뿐 아니라, 제국주의, 식민주의, 신식민주의, 인종주의, 모든 형태의 외국 침략, 점령, 지배, 간섭, 패권과 투쟁하여" "비동맹 국가들의 독립, 주권, 영토 통일, 안보"를 보장하는 것 입니다.;;;;;;;;;;;;;x
leave_nam_bloc_desc;이 운동은 유고슬라비아의 요시프 브로즈 티토 대통령, 인도의 초대 수상 자와할랄 네루, 인도네시아의 초대 대통령 수카르노, 이집트의 대통령 가말 압델 나세르의 창안에서 나왔습니다. 비동맹 운동은 1961년 유고슬라비아의 수도 베오그라드에서 창설되어, 2011년 기준으로 120개 회원국과 18개 참관국이 있습니다. 비동맹 운동의 목표는 1979년 아바나 선언에서 천명한 "강대국이나 블록에 대항할 뿐 아니라, 제국주의, 식민주의, 신식민주의, 인종주의, 모든 형태의 외국 침략, 점령, 지배, 간섭, 패권과 투쟁하여" "비동맹 국가들의 독립, 주권, 영토 통일, 안보"를 보장하는 것 입니다.;;;;;;;;;;;;;x
us_israel_relations_title;미국-이스라엘 관계;;;;;;;;;;;;;x
us_israel_relations_desc;양국의 관계는 1948년 유대인의 조국을 위한 미국의 초기 정책에서 경제력과 군사력에 의존하는 작지만 군사적으로 강력한 이스라엘과 다른 경쟁적 이익의 균형을 맞추려는 미국의 초강대국을 연결하는 특이한 협력관계로 발전해 왔습니다. 다른 이들은 이스라엘이 전략적 동맹국이며, 이스라엘과의 미국 관계가 중동에서 미국의 입장을 강화한다고 주장합니다. 이스라엘은 미국의 비 NATO 주요 동맹국 중 하나입니다. 이스라엘에 대한 의회의 지지는 원조입니다. 우리는 미국과 좋은 관계를 형성하고 의회의 지지를 받을 것입니다.;;;;;;;;;;;;;x
us_israel_relations;미국-이스라엘 관계;;;;;;;;;;;;;x
aipac_title;미국-이스라엘 공공정책위원회;;;;;;;;;;;;;x
aipac_desc;미국-이스라엘 공공정책위원회는 미국 의회와 행정부에 대한 친이스라엘 정책을 옹호하는 로비 단체입니다. AIPAC 회원국인 미국인 유대인의 "핵심"은 미국 인구의 3% 미만으로 구성되어 있으며 단지 9개 주에 집중되어 있습니다. AIPAC는 이스라엘에 대한 미국의 실질적인 지원을 강력히 지지하고 있습니다.;;;;;;;;;;;;;x
german_reunification_1_title;독일 통일;;;;;;;;;;;;;x
german_reunification_1_desc;독일 통일은 1990년 독일민주공화국(동독)이 독일연방공화국(서독)에 가입해 통일된 국가를 형성하고 당시 서독 헌법 23조의 규정에 따라 베를린이 단일 도시로 재결합하는 과정입니다. 통일 과정의 종식은 공식적으로 독일 통일이라고 합니다.;;;;;;;;;;;;;x
german_reunification_title;독일 통일;;;;;;;;;;;;;x
german_reunification_desc;독일 통일은 1990년 독일민주공화국(동독)이 독일연방공화국(서독)에 가입해 통일된 국가를 형성하고 당시 서독 헌법 23조의 규정에 따라 베를린이 단일 도시로 재결합하는 과정입니다. 통일 과정의 종식은 공식적으로 독일 통일이라고 합니다.;;;;;;;;;;;;;x
jihad;성전;;;;;;;;;;;;;x
colonial_peristance;제2차 세계대전 이후 식민지 정권의 100만 달러 상환 요구;;;;;;;;;;;;;x
ww2_war_debt_title;제2차 세계대전 전쟁부채 상환;;;;;;;;;;;;;x
ww2_war_debt_desc;공식적으로 "미국의 국방을 증진시키기 위한 법률"이라는 제목의 무기대여법은 미국이 1941년과 1945년 8월 사이에 자유 프랑스, 영국, 중국, 그리고 나중에는 소련과 다른 연합국들에게 식량, 석유, 그리고 군수품을 공급한 계획입니다. 여기에는 다른 무기들과 함께 군함과 전투기가 포함되었습니다. 이 법안은 1941년 3월 11일에 법으로 서명되었고 1945년 9월에 끝났습니다. 전쟁 후 일부 군수품(예:선박)이 반환되었지만, 일반적으로 원조는 무료였습니다. 그 대가로 미국은 이후 각 국가들의 육군과 해군기지를 임대받았습니다.;;;;;;;;;;;;;x
anti_colonialism_title;세계 2차대전 이후 식민지 정권이 100만 달러상환을 요구하다.;;;;;;;;;;;;;x
anti_colonialism_desc;공식적으로 "미국의 국방을 증진시키기 위한 법률"이라는 제목의 무기대여법은 미국이 1941년과 1945년 8월 사이에 자유 프랑스, 영국, 중국, 그리고 나중에는 소련과 다른 연합국들에게 식량, 석유, 그리고 군수품을 공급한 계획입니다. 여기에는 다른 무기들과 함께 군함과 전투기가 포함되었습니다. 이 법안은 1941년 3월 11일에 법으로 서명되었고 1945년 9월에 끝났습니다. 전쟁 후 일부 군수품(예:선박)이 반환되었지만, 일반적으로 원조는 무료였습니다. 그 대가로 미국은 이후 각 국가들의 육군과 해군기지를 임대받았습니다. 다른 동맹국들은 식민제국을 해체하는것을 거부했고, 즉시 상환을 요구할 것입니다! 이것은 그들을 파산시킬수도 있습니다.;;;;;;;;;;;;;x
global_islamist_agitation;세계적 성전;;;;;;;;;;;;;x
islamist_agitation;이슬람주의;;;;;;;;;;;;;x
recent_crisis;최근 분쟁;;;;;;;;;;;;;x
demographic_transition;인구 변화;;;;;;;;;x
family_values;가족관;;;;;;;;;x
total_fertility_rate;합계 출산율;;;;;;;;;x
self_values;자기관;;;;;;;;;x
baby_bust;저출산;;;;;;;;;x
ruling_party_opinion;여당 지명;;;;;;;;;x
ruling_party_opinion_l;여당 지명;;;;;;;;;x
ruling_party_opinion_desc;여당만이 누구를 지명할지 결정합니다. 물론 자연스럽게 지지자만 지명할 것입니다.;;;;;;;;;x
party_scandal_evidence;정당 추문 증거;;;;;;;;;x
party_loyalty_focus;애당심 중점;;;;;;;;;x
ruling_party_scandal;여당 추문;;;;;;;;;x
oil_field;유전;;;;;;;;;x
oil_field_medium;150억배럴 이상의 유전;;;;;;;;;x
hypercruise;상속법;;;;;;;;;x
advanced_drone_ai;선진 무인항공기 인공지능;;;;;;;;;x
autonomous_drones;자동 무인항공기;;;;;;;;;x
JDAM_smart_bomb_kit;통합직격탄 키트;;;;;;;;;x
supercruise;초음속순항;;;;;;;;;x
laser_guided_munition;레이저 유도무기;;;;;;;;;x
canada_turks_caicos_title;터크스 케이커스 제도 통합;;;;;;;;;x
canada_turks_caicos_desc;터크스 케이커스 제도는 카리브해의 영국 해외 영토입니다. 캐나다와의 연합에 대한 약간의 지지가 있습니다. 2014년 5월 터크스케이커스 루퍼스 유잉총리는 캐나다와의 관계 개선을 위해 캐나다 의회를 방문해, 향후 "통합"의 가능성을 열어두었습니다. 터크스 케이커스제도 에서는 캐나다와의 "특별한 관계"를 지지한 사람이 90%였다.;;;;;;;;;x
maastricht_treaty_title;마스트리흐트 조약;;;;;;;;;x
maastricht_treaty_desc;유럽을 통합하기 위해 시행된 마스트리흐트 조약은 네덜란드 마스트리흐트에서 유럽공동체 회원들에 의해 1992년에 체결되었습니다. 이 조약은 유럽연합의 창설로 이어졌습니다. 회원국에 대한 조약의 의무 중 하나는 "건전한 재정정책, 즉 GDP의 60%로 제한된 부채와 연간 적자는 GDP의 3%이하로 유지하는 것"이었습니다. 마스트리흐트 조약은 유럽연합의 토대가 되었다.;;;;;;;;;x
transition_to_democracy;민주화;;;;;;;;;x
transition_to_dictatorship;독재화;;;;;;;;;x
new_constitution_title;새 헌법;;;;;;;;;x
new_constitution_desc;새 헌법을 제정하는 것은 독재정권의 핵심적인 문제였습니다. 이러한 목적을 위해서 군사위원회는 유명인사를 선정했습니다. 불만이 있는 이들은 위원회에 포함되지 않았고, 새 헌법은 국민투표로 승인되었습니다.;;;;;;;;;x
presidential_plebiscite_title;대통령 국민투표;;;;;;;;;x
presidential_plebiscite_desc;새 헌법의 조항에 따르면, 8년 임기의 대통령 임기에 대한 국민투표가 예정되어 있었습니다. 지난 몇 년간의 독재 기간 동안, 해군, 공군, 경찰 총사령관은 대통령과 관계를 끊었고, 다가오는 선거에서 민간인이 정권을 대표해야 한다는 그들의 바람을 표현했습니다. 독재정권이 그 결과를 존중했다는 것은 대기업과 국제사회의 압박과 확장된 군사정권에 대한 불안감에서 기인한 것입니다.;;;;;;;;;x
transition_to_democracy_title;민주주의로의 전환;;;;;;;;;x
transition_to_democracy_desc;민주주의로의 전환은 국민투표에서 헌법이 통과되었을때 시작되었습니다. 지난 해 동안, 몇몇 유기적인 헌법이 승인되어 민주주의가 최종 복원되었습니다. 대통령 국민투표가 끝난 후, 현재까지도 시행되고 있는 새 헌법은 향후 헌법 개정을 위한 조항들을 완화시키고, 상원에 더 많은 의석을 만들고, 국가안전보장회의의 역할을 축소하고, 민간 및 군 구성원 수를 평등하게 하기 위해 제정되었습니다.;;;;;;;;;x
extend_executive_functions_title;행정 개혁;;;;;;;;;x
extend_executive_functions_desc;사회의 불안과 인권, 치안유지의 부족은 행정 개혁을 요구했습니다. 국민투표의 권한과 사회적 인권과 폭력에 대한 법적인 보호가 보장됩니다.;;;;;;;;;x
transition_to_dictatorship_title;새 질서로의 전환;;;;;;;;;x
transition_to_dictatorship_desc;독재 정권으로의 전환은 비상사태가 임시 행정계획을 수립하며 시작되었습니다. 지난 해 동안, 몇몇 유기적인 헌법이 승인되어 최종적인 기능적 통치 회복으로 이어졌습니다. 대통령 국민투표가 끝난 후, 현재까지도 시행되고 있는 새 헌법은 향후 헌법 개정을 위한 조항을 완화시키고, 상원의 의석을 더 만들고, 의회 역할을 축소하도록 수정되었습니다.;;;;;;;;;x
reform_legal_system_title;법조계 개혁;;;;;;;;;x
reform_legal_system_desc;법률 개혁은 기존 법을 조사하고, 법체계의 변화를 지지하고 실행하는 과정으로, 대개 정의나 효율성을 높이기 위한 목적으로 실시됩니다. 우리의 법 체계는 비효율적이고 부패하므로 개혁과 새로운 간부가 필요합니다.;;;;;;;;;x
serbian_reunification_title;세르비아 통일;;;;;;;;;x
serbian_reunification_desc;1990년대 유고슬라비아가 여러 공화국으로 붕괴하면서 세르비아 민족주의자들은 모든 유고슬라비아 공화국의 모든 세르비아인들이 공통된 국가 안에서 연합할 권리를 가질 것을 요구했고 세르비아와 독립을 추구하는 다른 유고슬라비아 민족들 사이에서 민족 분쟁이 일어났습니다.;;;;;;;;;x
form_palestine_title;팔레스타인의 형성;;;;;;;;;x
form_palestine_desc;팔레스타인과 팔레스타인의 권리를 지지하는 것으로 "팔레스타인 아랍인들이 그들의 분산을 초래하고 그들의 자기 결정권을 박탈하는 것은 역사적인 부당함"이라고 언급했습니다. 그 후, 이 선언은 "이스라엘의 수도 예루살렘과 함께 팔레스타인 영토에 대한 팔레스타인 국가"를 선포합니다. 선언된 팔레스타인의 국경은 아직 지정되지 않았습니다. 나라의 인구는 "팔레스타인은 어디에 있든지 팔레스타인 국가이다"라는 성명을 공표했고, "팔레스타인은 아랍국가이며 불가분의 아랍국가이다"라는 성명으로 정의되었습니다.;;;;;;;;;x
capital_berlin_title;수도 베를린;;;;;;;;;x
capital_berlin_desc;베를린 장벽의 붕괴는 세계적으로 광범위한 경제적, 정치적, 사회적 영향을 미쳤지만, 그것은 도시에도 중요한 결과를 가져왔습니다. 사실, 우리는 동베를린과 서 베를린을 보았는데, 두 도시는 40년간 서로 대치해 왔고 마침내 서로를 "마주보게"되었습니다. ""베를린 장벽의 붕괴는 40년의 분열된 정치, 경제, 문화적 역사의 종말을 의미하고, 베를린이 이제 다시 주요 대도시로 거듭나기 위한 '자연스러운' 길을 가고 있다는 강한 믿음으로 인해 동반되었습니다. 베를린은 다시 독일의 수도가 될 것입니다.";;;;;;;;;x
transition_to_presidential_dictatorship_title;후기 공산주의 대통령 국민투표;;;;;;;;;x
transition_to_presidential_dictatorship_desc;새 헌법으로의 이행조항에 따르면 8년 동안의 대통령 임기에 대한 국민투표가 예정되어 있었다.공산주의의 마지막 몇 년 동안, 당 의장과 대통령은 강력한 대통령 직책을 가진 헌법이 되기를 바라는 그들의 바람을 표현하면서 공산주의의 유산으로부터 그들을 분리시켰습니다. 현 공산당 서기는 이번 선거에서 정권을 대표해서 출마합니다. 우리는 전직 대통령이 지금은 대통령 독재체제로 정권을 유지하도록 해야 할까요?;;;;;;;;;x
liberalisemarket_title;시장 자유화;;;;;;;;;x
liberalisemarket_desc;신자유주의는 결국 두 가지 주요 단계를 거치면서 발전했습니다. 1단계는 로널드 레이건과 마거릿 대처의 도움으로, 2단계는 빌 클린턴과 토니 블레어를 통해 진행되었습니다. 1980년대 전반에 걸친 만성적인 경제 위기와 1980년대 말 공산권의 붕괴는 규제되지 않은 시장 개혁 정책에 찬성하는 국가 개입주의에 대한 정치적 반대를 조장하는 데 일조했습니다. 1980년대부터많은 공산주의와 사회주의 국가들이 안트 마르코비치의 지시 하에 유고슬라비아 사회주의 연방 공화국 같은 다양한 신자유주의 시장 개혁을 시작했습니다. (1990년대 초 국가가 붕괴할 때까지), 덩샤오핑의 아래에 중화인민공화국이 있었고, 1970년대부터 1980년대까지 변화가 일어났습니다. 대부분 민주주의에서 출발한 정부는 주로 개인의 경제적으로 기본적인 권리와 상대적으로 규제받지 않게 무역을 완화하는것에 중점을 두었습니다. 그것은 당시에는 국가 자결권으로 여겨졌습니다. 조직 노동의 위상은 로널드 레이건과 마가렛 대처의 정부가 정부 권력을 완전히 줄이기 위해 무역 장벽을 완전히 허물려는 강한 입장을 취했을 때 바뀌었고, 따라서 시장이 더 중요해질 수 있도록 했습니다. 따라서, 통합적인 지식으로 경제를 활성화시키는 산업들이 점점 더 전 세계적으로 변화할 것입니다.;;;;;;;;;x
becomearepublicpak_title;공화국의 날;;;;;;;;;x
becomearepublicpak_desc;파키스탄의 날이나 공화국의 날은 파키스탄이 1956년 3월 23일 파키스탄 자치령을 이슬람 공화국으로 전환하면서 파키스탄의 첫 헌법이 채택된 것을 기념하기 위한 파키스탄의 국경일입니다.;;;;;;;;x
;;;;;;;;;x
japaneseeconomy_title;해외자본법 제정;;;;;;;;;x
japaneseeconomy_desc;국제 무역산업부의 해외 자본법은 기술 수입의 가격과 조건을 협상할 수 있는 권한을 외교부에 부여했습니다. 이러한 기술적 요소는 유망한 산업을 빠르게 성장시킬수 있도록 해주었습니다. 낮은 수입기술 비용은 빠른 산업 성장을 가능하게 했고, 새로운 장비, 관리, 표준화를 통해 생산성이 크게 향상되었습니다. 국제무역산업부는 1952년 8월 경제안정위원회(Economic Stabilization Board)와 외환통제위원회(Externational Exchange Control Board)의 폐지로 모든 수입을 규제할 수 있는 능력을 갖추었습니다. 경제 안정 위원회는 이미 국제무역산업부에 의해서 통제되지만, 요시다 정부는 그것을 단순히 "싱크탱크"인 경제 심의 기관으로 전환시켰고, 사실상 국제무역산업부가 모든 일본 수입품을 완전히 통제할 수 있게 해주었습니다. MITI의 일본개발은행(Japan Development Bank) 설립은 민간에 장기 성장을 위한 저가 자본을 제공하기도 했습니다. 일본 개발 은행은 개인 및 국가 저축의 대규모 공동출자인 재정 투자 및 융자 계획에 대한 접근을 도입했습니다. 당시 FILP는 세계에서 가장 큰 상업 은행의 네 배의 저축을 통제했습니다. FILP는 이러한 자금력을 바탕으로 비정상적으로 많은 수의 일본 건설회사가 국내총생산을 유지할수 있었습니다.;;;;;;;;;x
becomearepublicire_title;아일랜드 공화국 형성;;;;;;;;;x
becomearepublicire_desc;1948년 아일랜드 공화국법, 1936년 '행정기관(외부관계)법'을 폐지하고, 국가가 아일랜드 공화국임을 선언해 대통령이 국가 대외관계 또는 외부관계와 관련하여 행정권력 또는 행정기능을 행사할 수 있도록 하는 법률(1948년 12월 21일)을 제정합니다.\n1.1936년(외부관계법 제58호)을 폐지한다. 2.이에 따라 국가에 대한 설명이 아일랜드 공화국이 될 것임을 선언한다. 3.정부의 권한과 조언에 따라 대통령은 국가 및 대외관계와 관련하여 행정 권한 또는 행정 기능을 행사할 수 있다. 4.이 법은 정부가 명령으로 실행할 수 있는 날에 시행한다. 5.이 법은 1948년 아일랜드 공화국 법으로 인용된다.;;;;;;;;;x
;;;;;;;;;x
becomearepublic_title;공화국의 날;;;;;;;;;x
becomearepublic_desc;공화국의 날은 1950년 1월 26일 인도 헌법이 발효된 날을 인도 정부법(1935년)으로 대체하여 기념합니다. 헌법은 1949년 11월 26일 인도헌법회의가 채택했으며 1950년 1월 26일 민주정부제도로 발효되어 독립공화국으로의 전환을 완료하였습니다. 1월 26일은 인도 독립 선언문이 영국의 제도가 말하는 자치령의 지위에 반하여 인도 국민 의회에 의해 선언된 날이 1930년 이날이었기 때문에 공화국의 날로 선택되었습니다.;;;;;;;;;x
;;;;;;;;;x
transition_to_democracy_from_communism_title;민주화;;;;;;;;;x
transition_to_democracy_from_communism_desc;민주주의로의 전환은 국민 투표에서 과도기 일정을 수립하는 헌법이 승인되었을 때 시작되었습니다. 지난 한 해 동안, 몇몇 유기적인 헌법이 승인되어 민주주의가 최종 회복되었습니다. 대통령 국민투표 이후, 지금도 시행 중인 새 헌법은 향후 헌법 개정을 위한 조항을 완화하여 공산 통치를 종식시켰습니다.;;;;;;;;;x
international_court_of_justice_title;국제 사법 재판소 및 중재;;;;;;;;;;;;;x
international_court_of_justice_desc;1945년 유엔헌장에 의해 설립된 이 법원은 1946년 영구적인 국제 사법 재판소의 후계자로써 일을 시작했습니다. 국제 사법 재판소는 전 법원과 유사하게 법원을 구성합니다. 상설 중재 재판소(PAC)는 네덜란드 헤이그에 본부를 둔 국제기구로써 1899년 제1회 헤이그 평화회의에서 설립되었습니다. PCA는 중재 재판소 설립과 업무 촉진을 지원함으로써 주, 국가,  정부기관, 민간 당사자들이 참여하는 분쟁 해결을 장려합니다. PCA는 헤이그에 있는 평화의 궁전이라는 같은 건물에 있는 국제 사법 재판소와 다릅니다. 법원의 권한을 받아들인다는 것은 사소한 영토 분쟁을 조정하기 위해 법원에 회부하는 것을 의미합니다. [SUB_A7]Y영토 분쟁은 전쟁이 아니라 법원에서 해결할 것입니다![SUB_A7]W;;;;;;;;;;;;;x
become_germany_title;독일 민주공화국 결성;;;;;;;;;;;;;x
become_germany_desc;독일의 사회당은 동독의 모든 정당과 집단 조직의 많은 것을 포함하는 연합인 독일민주공화국의 반파시스트 국민전선을 장악하는 사회주의 정치 헌법을 기반으로 독일민주공화국을 설립했습니다. NF는 동독 의회인 인민회의소 선거를 위해 설립되었습니다. 독일민주공화국의 최초이자 유일한 대통령은 빌헬름 파이크였습니다. 그러나 1950년 이후 동독의 정치력은 SED의 초대 서기장인 월터 울브리히트에 의해 장악되었습니다.;;;;;;;;;;;;;x
schuman_declaration_title;쉬망 선언;;;;;;;;;;;;;x
schuman_declaration_desc;1950년 5월 9일 쉬망 선언은 현직 프랑스 외무장관인 로베르 쉬망이 "선진국가 공동체"라고 불리는 유럽의 새로운 형태의 국가 조직을 만들자는 정부의 제안이었다. 두 번의 세계 대전의 경험에 따라, 프랑스는 정의와 같은 가치들은 국가 기관만으로는 정의될 수 없다고 결론지었다. 프랑스, 서독, 이탈리아, 네덜란드, 벨기에, 룩셈부르크의 석탄 및 철강 산업을 공통의 고위 당국 하에 두는 것에는 기술도 포함되었습니다. 그것은 제2차 세계대전로 인해 붕괴된 서유럽의 부활로 이어졌습니다. 이 제안은 먼저 유럽 석탄철강공동체의 창설을 주도했으며 현재의 유럽 연합으로 이어졌습니다.;;;;;;;;;;;;;x
newly_industrialized_country_desc;신생 산업국가의 범주는 정치학자와 경제학자에 의해 세계 여러 나라에 적용되는 사회경제적 분류입니다. 쉽게 말하면 경제가 선진국 수준에 도달하지는 못했지만 거시경제적으로는 개발도상국을 앞지른 국가입니다. 이들의 또 다른 특성으로는 급속한 경제성장을 겪고 있는 국가(일반적으로 수출지향적)라는 점입니다. 산업화 또는 지속적인 산업화는 이러한 국가들을 분류할 때 중요한 지표입니다. 많은 신생 산업국가에서 일어난 사회적 격변은 주로 농촌 또는 농업에서 발생하며, 이촌향도를 통해 제조업의 걱정을 덜고 공장이 노동자를 끌어모을 수 있습니다.;;;;;;;;;;X
newly_industrialized_country_title;신생 산업국가;;;;;;;;;;X
