CODE;ENGLISH;;;;;;;;;;;x
noculture;문화없음;;;;;;;;;;;x
nocasusbelli;전쟁명분 없음;;;;;;;;;;;x
nocasusbelli_desc;전쟁명분이 없습니다.;;;;;;;;;;;x
nocasusbelli_setup;전쟁명분이 없습니다.;;;;;;;;;;;x
nocasusbelli_short;전쟁명분 없음;;;;;;;;;;;x
developing_tech_school;학파 개발 중;;;;;;;;;;;x
detente_efforts;긴장 완화 노력;;;;;;;;;;;x
religion_flag;종교;;;;;;;;;;;x
socialist_contemporary_science;사회주의적 현대 과학;;;;;;;;;;;x
space_station;우주 정거장;;;;;;;;;;;x
superstate_integration_boost;초국가 통합 가속;;;;;;;;;;;x
joinnam;비동맹진영;;;;;;;;;;;x
joindemo;자유진영;;;;;;;;;;;x
joincomm;공산진영;;;;;;;;;;;x
finnish_question;핀란드 문제;;;;;;;;;;;x
is_disabled_for_now;현재 비활성 상태;;;;;;;;;;;x
occupation_zones_in_germany;독일 점령구;;;;;;;;;;;x
policy_on_germany;독일 점령정책;;;;;;;;;;;x
no_partition_of_west_germany;서독 분할하지 않음;;;;;;;;;;;x
partition_of_west_germany;서독 분할;;;;;;;;;;;x
saar_option;자를란트 선택;;;;;;;;;;;x
rhineland_option;라인란트 선택;;;;;;;;;;;x
morgenthau_plan;모겐쏘 계획;;;;;;;;;;;x
decide_german_economy_morgenthau;모겐쏘 계획 결정;;;;;;;;;;;x
deutsche_mark;도이치마르크;;;;;;;;;;;x
divided_berlin;베를린 분단;;;;;;;;;;;x
accept_united_germany;독일 통일 수락;;;;;;;;;;;x
oder_line_claim;오데르-나이세선 영유권;;;;;;;;;;;x
german_general_treaty;독일 일반조약;;;;;;;;;;;x
event_fired_8204302;'베를린 통합' 사건 발생;;;;;;;;;;;x
event_fired_8204303;'동베를린' 사건 발생;;;;;;;;;;;x
event_fired_8204304;'베를린' 사건 발생;;;;;;;;;;;x
stalins_note_ok_nato;북대서양 조약기구 가입을 조건으로 스탈린 메모 수용;;;;;;;;;;;x
stalins_note_ok;스탈린 메모 수용;;;;;;;;;;;x
declared_neutrality_active;중립 선언 활성 상태
neutrality;중립;;;;;;;;;;;x
indo_con;인도 아대륙;;;;;;;;;;;x
inc_support;인도 아대륙 지원;;;;;;;;;;;x
commerce_raiding;상선 격침;;;;;;;;;;;x
claim_greater_afghanistan;대아프가니스탄 주장;;;;;;;;;;;x
right_set_up;우파적 조직;;;;;;;;;;;x
far_right_set_up;극우적 조직;;;;;;;;;;;x
centre_set_up;중도적 조직;;;;;;;;;;;x
left_set_up;좌파적 조직;;;;;;;;;;;x
far_left_set_up;극좌적 조직;;;;;;;;;;;x
leadership_election;지도부 선거;;;;;;;;;;;x
nuke_protection;핵 보호;;;;;;;;;;;x
UNSG_aggressive;능동적 국제연합 사무총장;;;;;;;;;;;x
UNSG_normal;평범한 국제연합 사무총장;;;;;;;;;;;x
UNSG_passive;수동적 국제연합 사무총장;;;;;;;;;;;x
UNDHR;세계인권선언;;;;;;;;;;;x
human_rights_watch;;;;;;;;;;;x
truman_doctrine;트루먼 독트린;;;;;;;;;;;x
nuclear_power_ge;원자력 발전;;;;;;;;;;;x
wind_power_ge;풍력 발전;;;;;;;;;;;x
bioenergy_ge;생체 에너지 발전;;;;;;;;;;;x
solar_energy_ge;태양열 발전;;;;;;;;;;;x
geothermal_energy_ge;지열 발전;;;;;;;;;;;x
fusion_power_ge;핵융합 발전;;;;;;;;;;;x
stop_loan;차관 중지;;;;;;;;;;;x
space_moon_develop;달 탐사선 개발;;;;;;;;;;;x
dzg_puppet;단치히 괴뢰국;;;;;;;;;;;x
united_HND_PAK;인도-파키스탄 통합;;;;;;;;;;;x
far_dominion;페로 자치;;;;;;;;;;;x
decolonise_yes;탈식민화 수용;;;;;;;;;;;x
return_to_free_meetings;자유 집회로의 회귀;;;;;;;;;;;x
return_to_limited_meetings;제한적 집회로의 회귀;;;;;;;;;;;x
return_to_responsible_publishing;책임 언론으로의 회귀;;;;;;;;;;;x
return_to_unregulated_publishing;언론 규제 철폐로의 회귀;;;;;;;;;;;x
return_to_firewall_publishing;출판물 검열로의 회귀;;;;;;;;;;;x
germania;게르마니아;;;;;;;;;;;x
vtshigh;조공 많음;;;;;;;;;;;x
vtslow;조공 낮음;;;;;;;;;;;x
vtsmedium;조공 중간;;;;;;;;;;;x
tito_uprising_successful;티토 봉기 성공;;;;;;;;;;;x
tito_dead_flag;티토 사망;;;;;;;;;;;x
tito_stalin_split;티토-스탈린 불화;;;;;;;;;;;x
military_intervention_aginst_tito;반티토적 군사 개입;;;;;;;;;;;x
macedonia_independence;마케도니아 독립;;;;;;;;;;;x
ten_day_war;슬로베니아 독립전쟁;;;;;;;;;;;x
bosnian_war_prelude;보스니아 전쟁의 서곡;;;;;;;;;;;x
bosnian_war_prelude2;보스니아 전쟁의 서곡 제2막;;;;;;;;;;;x
operation_storm;폭풍 작전;;;;;;;;;;;x
cores_returned;영유권 보유 지역 수복;;;;;;;;;;;x
arab_spring;아랍의 봄;;;;;;;;;;;x
yemeni_civil_war;예멘 내전;;;;;;;;;;;x
CHI_won_civil_war;공산당의 국공 내전 승리;;;;;;;;;;;x
1956_vietnam_unification_election;1956년 베트남 총선거;;;;;;;;;;;x
vietnamese_elections_rigged_by_DAI;북베트남의 총선거 조작;;;;;;;;;;;x
vietnamese_elections_rigged_by_SVI;남베트남의 총선거 조작;;;;;;;;;;;x
punto_fijo;푼토피호 협정;;;;;;;;;;;x
marshall_plan_west_only;서방 전용 마셜 계획;;;;;;;;;;;x
marshall_plan_west_plus_two;체코 폴란드를 포함한 마셜 계획;;;;;;;;;;;x
marshall_plan_for_all;모두를 위한 마셜 계획;;;;;;;;;;;x
elections_disabled;선거 없음;;;;;;;;;;;x
jfk_elected;존 F. 케네디 당선;;;;;;;;;;;x
lbj_elected;린든 B. 존슨 당선;;;;;;;;;;;x
goldwater_elected;골드워터 당선;;;;;;;;;;;x
nixon_elected;닉슨 당선;;;;;;;;;;;x
mcgovern_elected;맥거번 당선;;;;;;;;;;;x
nixon_resigns;닉슨 사임;;;;;;;;;;;x
nixon_entrenched;닉슨 결사옹위;;;;;;;;;;;x
reagan_elected;레이건 당선;;;;;;;;;;;x
obama_presidency;오바마 대통령;;;;;;;;;;;x
911;9.11;;;;;;;;;;;x
world_trade_center;세계무역센터;;;;;;;;;;;x
watergate_scandal_flag;워터게이트 사건;;;;;;;;;;;x
event_fired_8011024;'파키스탄의 방위협정 수락' 사건 발생;;;;;;;;;;;x
george_vi_funeral;조지 6세 장례식;;;;;;;;;;;x
united_balkans;통일 발칸;;;;;;;;;;;x
end_of_uar;아랍 연합공화국 해체;;;;;;;;;;;x
reject_uar;아랍 연합공화국 거부;;;;;;;;;;;x
euromaidan_UKR;친유럽 성향 우크라이나인;;;;;;;;;;;x
former_colonial_nation;과거 식민지;;;;;;;;;;;x
full_independance;완전한 독립;;;;;;;;;;;x
event_fired_8015107;'티베트 항복' 사건 발생;;;;;;;;;;;x
KMT_won_civil_war;국민당의 국공 내전 승리;;;;;;;;;;;x
xef_zan_union;동아프리카-잔지바르 연합;;;;;;;;;;;x
syrian_civil_war;시리아 내전;;;;;;;;;;;x
claim_the_suez;수에즈 영유권 주장;;;;;;;;;;;x
operation_kadesh;카데시 작전;;;;;;;;;;;x
claim_the_sudan;수단 영유권 주장;;;;;;;;;;;x
juan_carlos;후안 카를로스;;;;;;;;;;;x
USA_rocket_engineers;미국 로켓 공학자;;;;;;;;;;;x
SOV_rocket_engineers;소련 로켓 공학자;;;;;;;;;;;x
RUS_satellite_first;러시아의 첫 인공위성;;;;;;;;;;;x
RUS_space_man_first;러시아의 첫 우주인;;;;;;;;;;;x
space_moon;달 탐사선;;;;;;;;;;;x
RUS_space_moon_first;러시아의 첫 달 탐사선;;;;;;;;;;;x
self_immolation;분신;;;;;;;;;;;x
unban_the_anc;아프리카 민족회의 해산 취소;;;;;;;;;;;x
force_trigger_saf;아파르트헤이트;;;;;;;;;;;x
CHI_leadership_struggle;중국군 지도부의 고군분투;;;;;;;;;;;x
CHC_won_civil_war;공산당의 국공 내전 승리;;;;;;;;;;;x
kuril_islands_dispute;쿠릴열도 분쟁;;;;;;;;;;;x
chechen_war_no;체첸 전쟁 반대;;;;;;;;;;;x
oligarchs;과두재벌;;;;;;;;;;;x
oligarchs_constrained;과두재벌 규제;;;;;;;;;;;x
nikita_khrushchev;니키타 흐루쇼프;;;;;;;;;;;x
breakup_of_ussr;소련 붕괴;;;;;;;;;;;x
event_fired_8014254;'베리야의 소련' 사건 발생;;;;;;;;;;;x
event_fired_8014258;'베리야의 제안' 사건 발생;;;;;;;;;;;x
event_fired_8014259;'베리야의 제안' 사건 발생;;;;;;;;;;;x
event_fired_8014260;'베리야의 제안' 사건 발생;;;;;;;;;;;x
event_fired_8014257;'베리야의 제안' 사건 발생;;;;;;;;;;;x
event_fired_8014262;'서구의 경제원조' 사건 발생;;;;;;;;;;;x
de_stalinization;탈스탈린화;;;;;;;;;;;x
event_fired_8014222;'감시용 U-2 출격' 사건 발생;;;;;;;;;;;x
sino_soviet_split;중소결렬;;;;;;;;;;;x
leonid_brezhnev;레오니트 브레주네프;;;;;;;;;;;x
yuri_andropov;유리 안드로포프;;;;;;;;;;;x
konstantin_chernenko;콘스탄틴 체르넨코;;;;;;;;;;;x
mikhail_gorbachev;미하일 고르바초프;;;;;;;;;;;x
begin_reforms_of_ussr;소련 개혁 시작;;;;;;;;;;;x
democratisation_intention;민주화 의도;;;;;;;;;;;x
perestroika_intention;페레스트로이카 의도;;;;;;;;;;;x
glasnost_intention;글라스노스트 의도;;;;;;;;;;;x
autumn_of_nations;국가의 가을;;;;;;;;;;;x
august_coup;8월 정변;;;;;;;;;;;x
perestroika;페레스트로이카;;;;;;;;;;;x
eussr;유라시아 연합;;;;;;;;;;;x
cold_warusa;미국의 냉전 승리;;;;;;;;;;;x
putin_path;푸틴의 길;;;;;;;;;;;x
vrancea_earthquake;브란체아 지진;;;;;;;;;;;x
prague_spring;프라하의 봄;;;;;;;;;;;x
carnation_revolution;카네이션 혁명;;;;;;;;;;;x
demographic_init;인구학적 천이 개시;;;;;;;;;;;x
paramilitaries_outlawed;준군사조직 불법;;;;;;;;;;;x
wants_to_unify;단결 염원;;;;;;;;;;;x
does_not_want_to_unify;단결 염원하지 않음;;;;;;;;;;;x
rebels_in_capital;수도의 반군;;;;;;;;;;;x
former_sphere_leader;과거 영향권 맹주;;;;;;;;;;;x
former_overlord;과거 종주국;;;;;;;;;;;x
soi_demand_install;영향권의 체제 수립 요구;;;;;;;;;;;x
liberal_revolution_fired;자유혁명 발발;;;;;;;;;;;x
liberal_revolution_in_progress;자유 혁명 진행 중;;;;;;;;;;;x
had_liberal_revolution;자유 혁명 종료;;;;;;;;;;;x
called_for_help;도움 요청;;;;;;;;;;;x
post_colonial_country;식민지시대 이후 국가;;;;;;;;;;;x
unregulated_publishing_noway;결코 출판 규제 폐지 않음;;;;;;;;;;;x
unregulated_publishing_promised;출판 규제 폐지 약속;;;;;;;;;;;x
dead_code;불필요한 코드;;;;;;;;;;;x
liberal_revolution_somewhere;어디선가 자유혁명 발발;;;;;;;;;;;x
liberal_revolutions_should_now_fire;자유혁명은 반드시 일어날 것이다;;;;;;;;;;;x
accept_differances_in_gov_by_democracy;민주주의 체제의 체제 차이 수용;;;;;;;;;;;x
accept_differances_in_gov_by_communist;공산주의 체제의 체제 차이 수용;;;;;;;;;;;x
accept_differances_in_gov_by_authoritarian_regime;권위주의 체제의 체제 차이 수용;;;;;;;;;;;x
botanical_expedition_in_progress;식물 탐험 진행 중;;;;;;;;;;;x
participates_in_botanical_expedition;식물 탐험 참가국;;;;;;;;;;;x
botanical_expedition_threatened;식물 탐험 위헙;;;;;;;;;;;x
victoria_regina_found;빅토리아 여왕 파운드;;;;;;;;;;;x
victoria_regina;빅토리아 여왕;;;;;;;;;;;x
great_wars_enabled;세계대전 활성 상태;;;;;;;;;;;x
NWO_v1_06;냉전모드 1.06버전;;;;;;;;;;;x
doctrineschool;교리학파;;;;;;;;;;;;x,,,,,,,,,,,,,,,,,,,,,,,
unclos_1;제1차 국제연합 해양법협약;;;;;;;;;;;x
unclos_3;제3차 국제연합 해양법협약;;;;;;;;;;;x
claim_12;12해리 주장;;;;;;;;;;;x
claim_24;24해리 주장;;;;;;;;;;;x
claim_200;200해리 주장;;;;;;;;;;;x
special_imf_dr;국제통화기금 특별인출권;;;;;;;;;;;x
gatt_member;관세 및 무역에 관한 일반 협정 조인국;;;;;;;;;;;x
tory_election_win;중도주의자 선거 승리;;;;;;;;;;;x
socialist_election_win;사회주의자 선거 승리;;;;;;;;;;;x
liberal_election_win;자유주의자 선거 승리;;;;;;;;;;;x
communist_election_win;공산주의자 선거 승리;;;;;;;;;;;x
fascist_election_win;파쇼 선거 승리;;;;;;;;;;;x
reactionary_election_win;반동주의자 선거 승리;;;;;;;;;;;x
anarcho_liberal_election_win;아나르코자본주의자 선거 승리;;;;;;;;;;;x
social_liberal_election_win;사회자유주의자 선거 승리;;;;;;;;;;;x
friendly_democracy;민주주의 체제 우방국;;;;;;;;;;;x
traditionalist_election_win;전통주의자 선거 승리;;;;;;;;;;;x
populist_election_win;대중주의자 선거 승리;;;;;;;;;;;x
nationalist_election_win;민족주의자 선거 승리;;;;;;;;;;;x
progressive_election_win;진보주의자 선거 승리;;;;;;;;;;;x
friendly_authoritarian_regime;권위주의 체제 우방국;;;;;;;;;;;x
was_commi;공산국가;;;;;;;;;;;x
desecularized;탈세속화;;;;;;;;;;;x
muslim;무슬림;;;;;;;;;;;x
polish_martial_law;폴란드 계엄령;;;;;;;;;;;x
event_fired_8023232;'포즈난 시위' 사건 발생;;;;;;;;;;;x
poland_west_littlegains;폴란드 서부 미수복;;;;;;;;;;;x
event_fired_8222000;'바르샤바 봉기' 사건 발생;;;;;;;;;;;x
event_fired_8222001;'바르샤바 봉기' 사건 발생;;;;;;;;;;;x
event_fired_8222002;'바르샤바 봉기에 대한 연합군의 도움' 사건 발생;;;;;;;;;;;x
event_fired_8222003;'연합국의 지원 물자 수송' 사건 발생;;;;;;;;;;;x
event_fired_8222004;'바르샤바 봉기 지원' 사건 발생;;;;;;;;;;;x
event_fired_8222005;'소련의 바르샤바 봉기 후원' 사건 발생;;;;;;;;;;;x
event_fired_8222006;'바르샤바 봉기 실패' 사건 발생;;;;;;;;;;;x
event_fired_8222007;'바르샤바 봉기 성공' 사건 발생;;;;;;;;;;;x
time_of_peace;평시;;;;;;;;;;;x
war_time;전시;;;;;;;;;;;x
olympic_bid;올림픽 개최지 선정;;;;;;;;;;;x
olympic_bid_10000;올림픽 개최지 선정 - 10000달러;;;;;;;;;;;x
olympic_bid_20000;올림픽 개최지 선정 - 20000달러;;;;;;;;;;;x
olympic_bid_100000;올림픽 개최지 선정 - 100000달러;;;;;;;;;;;x
winter_olympics_bid;동계 올림픽 개최지 선정;;;;;;;;;;;x
winter_olympic_bid_10000;동계 올림픽 개최지 선정 - 10000달러;;;;;;;;;;;x
winter_olympic_bid_20000;동계 올림픽 개최지 선정 - 20000달러;;;;;;;;;;;x
winter_olympic_bid_100000;동계 올림픽 개최지 선정 - 100000달러;;;;;;;;;;;x
arranged_olympics_games;올림픽 준비;;;;;;;;;;;x
arranged_winter_olympics_games;동계 올림픽 준비;;;;;;;;;;;x
provisional_peoples_committee;임시인민위원회;;;;;;;;;;;x
korea_trusteeship;조선 신탁통치;;;;;;;;;;;x
keep_austria;오스트리아 점령 유지;;;;;;;;;;;x
communist_austria_flag;공산 오스트리아;;;;;;;;;;;x
communist_austria;공산 오스트리아;;;;;;;;;;;x
renounced_war_rights;전쟁 수행 권리 포기;;;;;;;;;;;x
islamist_revolution_in_progress;이슬람주의 혁명 진행 중;;;;;;;;;;;x
event_fired_8010410;'산디니스타 운동' 사건 발생;;;;;;;;;;;x
bougainville_conflict;부겐빌 갈등;;;;;;;;;;;x
bougainville_conflict_escalates;부겐빌 갈등 증폭;;;;;;;;;;;x
sandline_mercs;샌드라인 학살;;;;;;;;;;;x
bougainville_2001;2001년 부겐빌 평화협정;;;;;;;;;;;x
bougainville_independence;부겐빌 독립;;;;;;;;;;;x
dutch_monarch;네덜란드 군주;;;;;;;;;;;x
event_fired_8009509;'멕시코의 경제기적' 사건 발생;;;;;;;;;;;x
capital_flag;수도;;;;;;;;;;;x
luxembourgish_monarch;룩셈부르크 군주;;;;;;;;;;;x
king_idris_of_libya;이드리스 리비아 국왕;;;;;;;;;;;x
korea_war;6.25 전쟁;;;;;;;;;;;x
korea_war_second_phase;6.25 전쟁 제2국면;;;;;;;;;;;x
korean_war_armistice;6.25 전쟁 휴전;;;;;;;;;;;x
fourth_republic;제4공화국;;;;;;;;;;;x
american_japanese_treaty_flag;미일 평화조약;;;;;;;;;;;x
moderate_ICP;온건적인 이탈리아 공산당;;;;;;;;;;;x
radical_ICP;급진적인 이탈리아 공산당;;;;;;;;;;;x
very_moderate_ICP;매우 온건적인 이탈리아 공산당;;;;;;;;;;;x
very_radical_ICP;매우 급진적인 이탈리아 공산당;;;;;;;;;;;x
promised_post_war_pensions;전후 연금 약속;;;;;;;;;;;x
dissolve_the_palestine_mandate;팔레스타인 위임통치령 해체;;;;;;;;;;;x
support_zionism;시온주의 지원;;;;;;;;;;;x
zionist_defeat;시온주의 패배;;;;;;;;;;;x
yom_kippur_war;욤키푸르 전쟁;;;;;;;;;;;x
refused_camp_david;캠프 데이비드 협정 거부;;;;;;;;;;;x
islamist_revolution_fired;이슬람주의 혁명 발발;;;;;;;;;;;x
had_islamist_revolution;이슬람주의 혁명 종료;;;;;;;;;;;x
islamist_revolutions_should_now_fire;이슬람주의 혁명은 반드시 일어날 것이다;;;;;;;;;;;x
islamist_revolution_somewhere;어디선가 이슬람주의 혁명 발발;;;;;;;;;;;x
ira_is_interned;아일랜드 공화국군 억류;;;;;;;;;;;x
ira_is_ignored;아일랜드 공화국군 무시;;;;;;;;;;;x
ira_is_supported;아일랜드 공화국군 지원;;;;;;;;;;;x
1990_gulf_war_fired_flag;걸프 전쟁 발발;;;;;;;;;;;x
1990_gulf_war_kuw_annexed;걸프 전쟁과 쿠웨이트 합병;;;;;;;;;;;x
iraq_war;이라크 전쟁;;;;;;;;;;;x
iraqi_insurgency_2011_2014;2011-14년 이라크 반란;;;;;;;;;;;x
iraqi_civil_war;이라크 내전;;;;;;;;;;;x
the_future_of_iraq;이라크의 미래;;;;;;;;;;;x
mohammed_mossadegh_in_power;무함마드 모사데크 집권 중;;;;;;;;;;;x
event_fired_8501001;'영국-이란 석유회사 국유화' 사건 발생;;;;;;;;;;;x
abadan_crisis;아바단 위기;;;;;;;;;;;x
event_fired_8501003;'아바단 위기에 대한 영국의 반응' 사건 발생;;;;;;;;;;;x
seek_soviet_help;소련의 원조 모색;;;;;;;;;;;x
operation_ajax;에이젝스 작전;;;;;;;;;;;x
event_fired_8501004;'국제적 지원 물색' 사건 발생;;;;;;;;;;;x
event_fired_8501006;'소련의 아바단 위기 개입' 사건 발생;;;;;;;;;;;x
ussr_supports_iran_1953;1953년 소련의 이란 원조;;;;;;;;;;;x
event_fired_8011403;'정부 변동' 사건 발생;;;;;;;;;;;x
white_revolution_started;백색 혁명 시작;;;;;;;;;;;x
unkingset;초강대국 지위;;;;;;;;;;;x
ultimatum_delivered;최후통첩 전송;;;;;;;;;;;x
ultimatum_refused;최후통첩 거부;;;;;;;;;;;x
ultimatum_accepted;최후통첩 수용;;;;;;;;;;;x
coalition_member;반국가연합 일원;;;;;;;;;;;x
princely_states;인도 번국;;;;;;;;;;;x
por_hnd_colonies;포르투갈령 인도 식민지;;;;;;;;;;;x
second_kashmir_war_all;제2차 카슈미르 전쟁;;;;;;;;;;;x
second_kashmir_war_girgit;제2차 카슈미르 전쟁 변절자;;;;;;;;;;;x
naxalite_insurgency;낙살라이트 반란;;;;;;;;;;;x
USA_pressure_the_dutch_on_indonesia;미국의 인도네시아 독립 압박;;;;;;;;;;;x
linggadjati_agreement;링가자티 협정;;;;;;;;;;;x
renville_agreement;렌빌 협정;;;;;;;;;;;x
rusi_agreement;루시 협정;;;;;;;;;;;x
federated_indonesia;인도네시아 합중국;;;;;;;;;;;x
princely_state_stay_independent;인도 번국 독립 유지;;;;;;;;;;;x
hungarian_revolution_1956;1956년 헝가리 혁명;;;;;;;;;;;x
event_fired_8510802;'헝가리 혁명에 관한 국제연합 결의안' 사건 발생;;;;;;;;;;;x
event_fired_8510803;'헝가리 혁명에 관한 국제연합 결의안' 사건 발생;;;;;;;;;;;x
event_fired_8510804;'헝가리 혁명에 관한 국제연합 결의안' 사건 발생;;;;;;;;;;;x
event_fired_8510805;'헝가리 혁명에 관한 국제연합 결의안' 사건 발생;;;;;;;;;;;x
event_fired_8510806;'헝가리 혁명에 관한 국제연합 결의안' 사건 발생;;;;;;;;;;;x
event_fired_8510808;'헝가리 혁명에 관한 국제연합 결의안' 사건 발생;;;;;;;;;;;x
not_participating_UNSC;국제연합 안전보장이사회 비참여국;;;;;;;;;;;x
un_hungary_totalveto;국제연합의 헝가리 혁명에 관한 결의안 거부;;;;;;;;;;;x
blz_indy_enable;벨리즈 독립 가능;;;;;;;;;;;x
dismantle_declared;해체 선언;;;;;;;;;;;x
in_great_war;세계대전 중;;;;;;;;;;;x
enemy_of_my_enemy;적의 적;;;;;;;;;;;x
calling_all_allies;동맹 전체 소집;;;;;;;;;;;x
total_collapse;총체적 붕괴;;;;;;;;;;;x
dismantling_treaty;해체 조약;;;;;;;;;;;x
will_not_surrender;불굴의 의지;;;;;;;;;;;x
czechoslovakia_formed;체코슬로바키아 결성;;;;;;;;;;;x
not_want_colonies;식민지를 원하지 않음;;;;;;;;;;;x
newly_released_nation;신생 해방국;;;;;;;;;;;x
end_of_monarchy;군주정 폐지;;;;;;;;;;;x
event_fired_8004526;'동방정책' 사건 발생;;;;;;;;;;;x
reject_oder_neisse;오데르-나이세선 거부;;;;;;;;;;;x
berlin_wall;베를린 장벽;;;;;;;;;;;x
treaty_of_zgorzelec;즈고젤레츠 조약;;;;;;;;;;;x
event_fired_8004318;'베를린 분단' 사건 발생;;;;;;;;;;;x
Wilhelm_III;빌헬름 3세;;;;;;;;;;;x
event_fired_8231000;'독일 난민 수용' 사건 발생;;;;;;;;;;;x
event_fired_8231001;'독일 난민 수용' 사건 발생;;;;;;;;;;;x
event_fired_8231004;'독일 난민 수용' 사건 발생;;;;;;;;;;;x
expulsion_of_germans;독일인 축출;;;;;;;;;;;x
endoffra;프랑스 식민제국 해체;;;;;;;;;;;x
fifth_republic;제5공화국;;;;;;;;;;;x
disabled_for_now_1;현재 비활성 상태;;;;;;;;;;;x
fra_hnd_colonies;프랑스령 인도 식민지;;;;;;;;;;;x
matignon_agreements;마티뇽 협정;;;;;;;;;;;x
noumea_accords;누메아 조약;;;;;;;;;;;x
ww3;제3차 세계대전;;;;;;;;;;;x
un_falkland_intervention;국제연합 포클랜드 개입;;;;;;;;;;;x
un_falkland_interventionveto;국제연합 포클랜드 개입 거부;;;;;;;;;;;x
un_falkland_totalveto;국제연합 포클랜드 거부;;;;;;;;;;;x
schuman_declaration;슈만 선언;;;;;;;;;;;x
trade_block_ambition;무역블록 야망;;;;;;;;;;;x
european_coal_and_steel_community;유럽 석탄철강공동체;;;;;;;;;;;x
xeu_ambition;유럽 연합의 야망;;;;;;;;;;;x
disabled_for_now;현재 비활성 상태;;;;;;;;;;;x
derg;임시군사행정위원회;;;;;;;;;;;x
hide_1973_famine;1973년 기근 은폐;;;;;;;;;;;x
alleviate_1973_famine;1973년 기근 완화;;;;;;;;;;;x
decolonise_yes;탈식민화 수용;;;;;;;;;;;x
namformed;비동맹운동 존재;;;;;;;;;;;x
sectarianism;파벌주의;;;;;;;;;;;x
grant_independence;광복;;;;;;;;;;;x
colonial_peristance;식민지 유지;;;;;;;;;;;x
great_war_mandate_un;국제연합 위임통치령;;;;;;;;;;;x
event_fired_8004615;'전원함 작전' 사건 발생;;;;;;;;;;;x
dissolve_warsaw_pact;바르샤바 조약기구 해체;;;;;;;;;;;x
depuppetize_warsaw_pact;바르샤바 조약기구 괴뢰상태 해소;;;;;;;;;;;x
annexation_of_uk;영국 합병;;;;;;;;;;;x
isolation_of_uk;영국 고립;;;;;;;;;;;x
dissolution_of_uk;영국 해체;;;;;;;;;;;x
event_8370010;'연합국 탈퇴' 사건 발생;;;;;;;;;;;x
indian_ocean_tsunami;인도양 지진해일;;;;;;;;;;;x
hurricane_mitch;태풍 미치;;;;;;;;;;;x
end_the_spring;봄의 종말;;;;;;;;;;;x
missiles_in_cuba;쿠바 미사일기지;;;;;;;;;;;x
american_nuclear_advantage;미국의 핵 우위;;;;;;;;;;;x
castro_rebellion;카스트로의 봉기;;;;;;;;;;;x
joint_aid_receipt;공동 원조 수령;;;;;;;;;;;x
congo_crisis;콩고 위기;;;;;;;;;;;x
communist_plebiscite;공산당 국민투표;;;;;;;;;;;x
market_communism;시장사회주의;;;;;;;;;;;x
reject_western_allies;서구 연합국 거부;;;;;;;;;;;x
alliance_nato;북대서양 조약기구 동맹;;;;;;;;;;;x
treaty_of_brussels;브뤼셀 조약;;;;;;;;;;;x
isolationist_usa;고립주의 미국;;;;;;;;;;;x
invitation_to_nato;북대서양 조약기구 초청;;;;;;;;;;;x
neutral_germany;중립국 독일;;;;;;;;;;;x
form_nato;북대서양 조약기구 결성;;;;;;;;;;;x
warsaw_pact_active;바르샤바 조약기구 존재;;;;;;;;;;;x
isolationist_ussr;고립주의 소련;;;;;;;;;;;x
invitation_to_warsaw_pact;바르샤바 조약기구 초청;;;;;;;;;;;x
soviet_friendship;소련과의 우호;;;;;;;;;;;x
recognized_government;공인받은 정부;;;;;;;;;;;x
economic_malaise;경제 문제;;;;;;;;;;;x
prc;중화인민공화국;;;;;;;;;;;x
us_politics_special;미국의 특별한 정치;;;;;;;;;;;x
namformformed;비동맹운동 결성;;;;;;;;;;;x
cold_warussr;소련의 냉전 승리;;;;;;;;;;;x
endofthecoldwar;냉전 종료;;;;;;;;;;;x
cold_war_winner;냉전 승전국;;;;;;;;;;;x
demohigh;자유진영 중점: 무장 높음, 경제 낮음;;;;;;;;;;;x
demomedium;자유진영 중점: 무장 중간, 경제 중간;;;;;;;;;;;x
demolow;자유진영 중점: 무장 낮음, 경제 높음;;;;;;;;;;;x
cold_warussr1;소련의 냉전 승리;;;;;;;;;;;x
disable_demo_event;민주화 사건 발생 비활성 상태;;;;;;;;;;;x
event_fired_8002626;'단풍잎 깃발' 사건 발생;;;;;;;;;;;x
belgian_monarch;벨기에 군주;;;;;;;;;;;x
1971_war_hnd_bng;1971년 인도-방글라데시 전쟁;;;;;;;;;;;x
arab_league;아랍 연맹;;;;;;;;;;;x
algerian_civil_war;알제리 내전;;;;;;;;;;;x
afghani_coup_1973;1973년 아프가니스탄 정변;;;;;;;;;;;x
soviet_intervention_in_afghanistan;소련의 아프가니스탄 전쟁 개입;;;;;;;;;;;x
trade_war_initiator;무역전쟁 발발국;;;;;;;;;;;x
trade_war;무역전쟁;;;;;;;;;;;x
former_devolved_nation;과거 권력을 위임받은 국가;;;;;;;;;;;x
unsc_non_permanent_on;국제연합 안전보장이사회 비상임이사국;;;;;;;;;;;x
unsc_non_permanent_member_selected;국제연합 안전보장이사회 비상임이사국으로 선정;;;;;;;;;;;x
legalitychecked1;전쟁의 합법성 확인;;;;;;;;;;;x
uninterventioninwar;국제연합 전쟁 개입;;;;;;;;;;;x
resolution_passed_unsc;국제연합 안전보장이사회 결의안 가결;;;;;;;;;;;x
na;;;;;;;;;;;x
uninterventionactive;국제연합 개입 활동;;;;;;;;;;;x
un_trust_ongoing;국제연합 신탁 진행 중;;;;;;;;;;;x
1963_un_terror_convention;1963년 대테러 국제연합 협약;;;;;;;;;;;x
1970_un_terror_convention;1970년 대테러 국제연합 협약;;;;;;;;;;;x
1971_un_terror_convention;1971년 대테러 국제연합 협약;;;;;;;;;;;x
1973_un_terror_convention;1973년 대테러 국제연합 협약;;;;;;;;;;;x
1979_un_terror_convention;1979년 대테러 국제연합 협약;;;;;;;;;;;x
1988_un_terror_convention;1988년 대테러 국제연합 협약;;;;;;;;;;;x
1991_un_terror_convention;1991년 대테러 국제연합 협약;;;;;;;;;;;x
1997_un_terror_convention;1997년 대테러 국제연합 협약;;;;;;;;;;;x
1999_un_terror_convention;1999년 대테러 국제연합 협약;;;;;;;;;;;x
un_counter_terrorism_committee;국제연합 대테러위원회;;;;;;;;;;;x
salt_proposed;전략무기제한협정 제안;;;;;;;;;;;x
inf_proposed;중거리핵전력조약 제안;;;;;;;;;;;x
start_proposed;전략무기제한회담 제안;;;;;;;;;;;x
abm_proposed;탄도탄요격미사일조약 제안;;;;;;;;;;;x
sdi_race_banned;전략방위계획 경쟁 금지;;;;;;;;;;;x
sdi_developed;전략방위계획 수립 완료;;;;;;;;;;;x
abm_school;탄도탄요격미사일 교육;;;;;;;;;;;x
sovietee;소련화;;;;;;;;;;;x
conservative_surge;보수주의 쇄도;;;;;;;;;;;x
traditionalist_surge;전통주의 쇄도;;;;;;;;;;;x
populist_surge;대중주의 쇄도;;;;;;;;;;;x
socialist_surge;사회주의 쇄도;;;;;;;;;;;x
big_tent_surge;중도주의 쇄도;;;;;;;;;;;x
liberal_surge;자유주의 쇄도;;;;;;;;;;;x
progressive_surge;진보주의 쇄도;;;;;;;;;;;x
nationalist_surge;민족주의 쇄도;;;;;;;;;;;x
communist_surge;공산주의 쇄도;;;;;;;;;;;x
communist_social_surge;시장사회주의 쇄도;;;;;;;;;;;x
split_gilbert_and_ellice_islands;길버트엘리스제도 갈등;;;;;;;;;;;x
solomon_islands_ethnic_violence;솔로몬제도 인종폭력;;;;;;;;;;;x
1948_olympics_done;1948년 올림픽 완료;;;;;;;;;;;x
olympics_ongoing;올림픽 진행 중;;;;;;;;;;;x
1948_olympics_completed;1948년 올림픽 폐막;;;;;;;;;;;x
next_olympics_host_nation;차기 올림픽 개최국;;;;;;;;;;;x
olympics_dope_ban;올림픽 약물복용 금지;;;;;;;;;;;x
1992_olympics_done;1992년 올림픽 완료;;;;;;;;;;;x
government_extends_peace_hand;정부의 평화 유지 노력;;;;;;;;;;;x
has_nuke_clouds;버섯구름 존재;;;;;;;;;;;x
disease;역병;;;;;;;;;;;x
nuked_before;핵무기 공습 이전;;;;;;;;;;;x
atomic_bomb_developed;원자폭탄 개발 완료;;;;;;;;;;;x
hydrogen_bomb_developed;수소폭탄 개발 완료;;;;;;;;;;;x
dissolving_parliament;의회 해산;;;;;;;;;;;x
propaganda_program;선전 계획;;;;;;;;;;;x
world_wars_enabled;세계대전 활성 상태;;;;;;;;;;;x
the_imf;국제통화기금;;;;;;;;;;;x
dev_bank;은행 개발;;;;;;;;;;;x
world_bank;세계은행;;;;;;;;;;;x
comecon_decision_fired;상호경제원조협의회 결정 발동;;;;;;;;;;;x
financial_crisis_2008;2008년 금융위기;;;;;;;;;;;x
2008_bailout_fired;2008년 구제금융 발발;;;;;;;;;;;x
in_trade_block;무역블록 안;;;;;;;;;;;x
world_low;세계 긴장도 낮음;;;;;;;;;;;x
world_medium;세계 긴장도 중간;;;;;;;;;;;x
world_high;세계 긴장도 높음;;;;;;;;;;;x
meddled_in_foreign_affairs;해외 사건 간섭;;;;;;;;;;;x
foreign_intervention;외세 개입;;;;;;;;;;;x
freedom_attempt_made;자유 시도;;;;;;;;;;;x
eu_debt_crisis;유럽 연합 부채 위기;;;;;;;;;;;x
eu_debt_crisis_started;유럽 연합 부채 위기 발발;;;;;;;;;;;x
sovietaidincuba;소련의 쿠바 지원;;;;;;;;;;;x
notapplicable;부적합;;;;;;;;;;;x
usabrettonwoods;미국 브레튼우드;;;;;;;;;;;x
licenseraj;규제왕국;;;;;;;;;;;x
creditornation;채권국;;;;;;;;;;;x
imf_chairmanship;국제통화기금 의장국;;;;;;;;;;;x
wto_chairmanship;세계무역기구 의장국;;;;;;;;;;;x
ibrd_chairmanship;국제부흥개발은행 의장국;;;;;;;;;;;x
imfusafirst;국제통화기금 미국 우대;;;;;;;;;;;x
wtousafirst;세계무역기구 미국 우대;;;;;;;;;;;x
wto_created;세계무역기구 탄생;;;;;;;;;;;x
ibrdusafirst;국제부흥개발은행 미국 우대;;;;;;;;;;;x
indiaoffice;인도 관료;;;;;;;;;;;x
decoloniasation2;탈식민화;;;;;;;;;;;x
vietnamrename;베트남 국명 변경;;;;;;;;;;;x
endofsarstatus;특별행정구 지위 소멸;;;;;;;;;;;x
endofsarstatus1;특별행정구 지위 소멸;;;;;;;;;;;x
endofsarstatus2;특별행정구 지위 소멸;;;;;;;;;;;x
impcapital;국제통화기금 본부 소재지;;;;;;;;;;;x
deng_xiaoping_selected;덩샤오핑 선택;;;;;;;;;;;x
industrious_nation;근면한 국가;;;;;;;;;;;x
unite_yemen;통일 예멘;;;;;;;;;;;x
malayanemergency;말레이시아 긴급사태;;;;;;;;;;;x
malaya_baling_talks;말레이시아 발링 회담;;;;;;;;;;;x
gallisum;드골주의;;;;;;;;;;;x
syrindy;시리아 독립;;;;;;;;;;;x
syr_no_split;시리아 갈등 없음;;;;;;;;;;;x
trump;트럼프;;;;;;;;;;;x
postindusboom;산업화 이후 인구 폭발;;;;;;;;;;;x
returnofportarthur;포르트 아르투르 반환;;;;;;;;;;;x
seikan_tunnel;세이칸 터널;;;;;;;;;;;x
canalsoftheworld;세계적 운하;;;;;;;;;;;x
bush;부시;;;;;;;;;;;x
channel_tunnel;운하 터널;;;;;;;;;;;x
cw_reason;냉전의 이유;;;;;;;;;;;x
xeu_chairmanship;유럽 연합 의장국;;;;;;;;;;;x
eufirst;유럽 연합 우대;;;;;;;;;;;x
bsystem;브레튼우드체제;;;;;;;;;;;x
port_arthur_recapture;포르트 아르투르 재점령;;;;;;;;;;;x
end_of_the_belgian_empire;벨기에 식민제국 해체;;;;;;;;;;;x
space_attempt_fired;우주 시도 폭발;;;;;;;;;;;x
space_mars;화성 탐사선;;;;;;;;;;;x
iss_built;국제우주정거장 건설;;;;;;;;;;;x
nap;;;;;;;;;;;x
great_leap_forward_flag;대약진;;;;;;;;;;;x
suharto;수하르토;;;;;;;;;;;x
Badoglio;바돌리오;;;;;;;;;;;x
Graziani;그라치아니;;;;;;;;;;;x
Impastato;임파스타토;;;;;;;;;;;x
Borsellino;보르셀리노;;;;;;;;;;;x
chemical_before;화학 공습 이전;;;;;;;;;;;x
event_force_end_of_indonesian_revolution;인도네시아 혁명 종료 강요;;;;;;;;;;;x
batista_regime;바티스타 정권;;;;;;;;;;;x
thai_comm;공산 타이;;;;;;;;;;;x
thai_comm_end;타이 공산당 해산;;;;;;;;;;;x
wallace;윌리스;;;;;;;;;;;x
un_armistice;국제연합 휴전;;;;;;;;;;;x
oic_chairmanship;이슬람 협력기구 의장국;;;;;;;;;;;x
oicfirst;이슬람 협력기구 우대;;;;;;;;;;;x
patient_zero;환자 0명;;;;;;;;;;;x
who_notice;세계보건기구 알림;;;;;;;;;;;x
epidemic_start;전염병 확산 시작;;;;;;;;;;;x
polar_expedition_underway;북극 탐험 중;;;;;;;;;;;x
not_eaten_by_bears;곰에게 잡아먹히지 않음;;;;;;;;;;;x
tokyo_sarin_attack;도쿄 사린가스 테러;;;;;;;;;;;x
rank_1_high_rebels;제1초강대국 반군 높음;;;;;;;;;;;x
rank_2_high_rebels;제2초강대국 반군 높음;;;;;;;;;;;x
rank_1_low_rebels;제1초강대국 반군 낮음;;;;;;;;;;;x
rank_2_low_rebels;제2초강대국 반군 낮음;;;;;;;;;;;x
fbu_fired;영불연합 결성;;;;;;;;;;;x
danish_event;덴마크 사건;;;;;;;;;;;x
nato_abolish;북대서양 조약기구 폐지;;;;;;;;;;;x
nato_leader;북대서양 조약기구 맹주;;;;;;;;;;;x
war_with_un;국제연합과 교전;;;;;;;;;;;x
concorde_proposed;콩코드 제안;;;;;;;;;;;x
concorde_accepted;콩코드 수용;;;;;;;;;;;x
concorde_started;콩코드 시작;;;;;;;;;;;x
supersonic_usa;미국의 초음속제트기;;;;;;;;;;;x
supersonic_rus;러시아의 초음속제트기;;;;;;;;;;;x
acquiring_bomb;폭탄 입수;;;;;;;;;;;x
g8_president_selected;주요 8개국 의장으로 선택받음;;;;;;;;;;;x
g8_president_now;현재 주요 8개국 의장;;;;;;;;;;;x
arg_election_fire;아르헨티나 선거 시작;;;;;;;;;;;x
mad_communist;마다가스카르 공산당;;;;;;;;;;;x
arg_election_fire1;아르헨티나 선거 시작;;;;;;;;;;;x
nuke_money_aid;핵개발 자금 원조;;;;;;;;;;;x
one_china_policy;하나의 중국 정책;;;;;;;;;;;x
tibet_visit_by_usa_1;티베트 미국 방문;;;;;;;;;;;x
not_disabled;비활성 상태 아님;;;;;;;;;;;x
hyderabad_integration;하이데라바드 통합;;;;;;;;;;;x
tripartite_agreement;삼자협정;;;;;;;;;;;x
unlock_the_amazon;아마존 개발;;;;;;;;;;;x
deforestation1;삼림벌채도 1;;;;;;;;;;;x
deforestation2;삼림벌채도 2;;;;;;;;;;;x
deforestation3;삼림벌채도 3;;;;;;;;;;;x
deforestation4;삼림벌채도 4;;;;;;;;;;;x
deforestation5;삼림벌채도 5;;;;;;;;;;;x
sarawkjoin;사라왁 합류;;;;;;;;;;;x
sabahjoin;사바 합류;;;;;;;;;;;x
ryukujoin;류큐 합류;;;;;;;;;;;x
democracyinformercolony;구 식민지의 민주주의;;;;;;;;;;;x
moneyforallfraeng;영불 만인의 돈;;;;;;;;;;;x
moneyforall;만인의 돈;;;;;;;;;;;x
playermoneyboost;플레이어 통화 추가 지급;;;;;;;;;;;x
exportfocus;수출 중점;;;;;;;;;;;x
importfocus;수입 중점;;;;;;;;;;;x
japopboom;일본의 인구 폭발;;;;;;;;;;;x
usapopboom;미국의 인구 폭발;;;;;;;;;;;x
isrpopboom;이스라엘의 인구 폭발;;;;;;;;;;;x
gerpopboom;독일의 인구 폭발;;;;;;;;;;;x
warofindependenceindia;인도 독립전쟁;;;;;;;;;;;x
third;제3세계;;;;;;;;;;;x
decoloniasation1;탈식민화;;;;;;;;;;;x
moneyforall425;만인의 돈;;;;;;;;;;;x
moneyforall536;만인의 돈;;;;;;;;;;;x
releasekmt;국부천대;;;;;;;;;;;x
indiasoi;인도 영향권;;;;;;;;;;;x
nonapplicableinactivated;활성화하기에 부적합;;;;;;;;;;;x
endofpor;포르투갈 식민제국 해체;;;;;;;;;;;x
corruptionbegins;부패 시작;;;;;;;;;;;x
superpower;초강대국;;;;;;;;;;;x
frenchcommunity;프랑스어 공동체;;;;;;;;;;;x
fedmalsen;말리-세네갈 연방;;;;;;;;;;;x
lky;리콴유;;;;;;;;;;;x
gg;주요 8개국;;;;;;;;;;;x
senegalleaves;세네갈 연방 탈퇴;;;;;;;;;;;x
postwarprotectionism;전후 보호무역;;;;;;;;;;;x
superstate_formation_event;초국가 결성 사건;;;;;;;;;;;x
ebola_outbreak_2013;2013년 에볼라 사태;;;;;;;;;;;x
jiang_zemin_selected;장쩌민 선택;;;;;;;;;;;x
hu_jingtao_selected;후진타오 선택;;;;;;;;;;;x
uae_union;아랍 토후국 연합;;;;;;;;;;;x
sea_economy_slow;동남아시아 경제 둔화;;;;;;;;;;;x
ido_thaw_trigger;아시아 금융위기 발발;;;;;;;;;;;x
far_union_flag;아랍 공화국 연방;;;;;;;;;;;x
far_formed_flag;아랍 공화국 연방;;;;;;;;;;;x
chinese_democracy;중국식 민주주의;;;;;;;;;;;x
icj_marker;국제사법재판소;;;;;;;;;;;x
icj_in_process;국제사법재판소 진행 중;;;;;;;;;;;x
international_court_of_justice;국제사법재판소;;;;;;;;;;;x
spanish_decolonisation_mor;에스파냐령 모로코 탈식민화;;;;;;;;;;;x
un_peace_making_marker;국제연합 평화유지;;;;;;;;;;;x
ethnic_cleansed;인종청소 자행;;;;;;;;;;;x
discovered_genocide;학살 발각;;;;;;;;;;;x
discovered_genocide1;학살 발각;;;;;;;;;;;x
genocide_101;학살;;;;;;;;;;;x
south_viet_soc;남베트남 사회;;;;;;;;;;;x
unsc_veto_crisis;국제연합 안전보장이사회 분쟁 거부권 행사;;;;;;;;;;;x
collectivise_farms;집단농장;;;;;;;;;;;x
banned_trade_uninos;노동조합 금지;;;;;;;;;;;x
terror_groups_in;테러 단체;;;;;;;;;;;x
meto_flag;중동 조약기구;;;;;;;;;;;x
meto_accept;중동 조약기구 수락;;;;;;;;;;;x
cento_start;중앙조약기구;;;;;;;;;;;x
mandate_stays_independent;위임통치령 독립 유지;;;;;;;;;;;x
puyi_china;푸이;;;;;;;;;;;x
post_colonial_politics;식민지시대 이후 정책;;;;;;;;;;;x
tiger_cub_eco;네마리의 호랑이;;;;;;;;;;;x
ido_united;인도네시아 통합;;;;;;;;;;;x
urgent_fury_fired;그레나다 침공 발발;;;;;;;;;;;x
eth_war_trigger;에티오피아 전쟁 발발;;;;;;;;;;;x
eec_choice_made;유럽 경제공동체;;;;;;;;;;;x
treaty_of_friendship_ussr_comm;소련과의 우호조약;;;;;;;;;;;x
capital_lost;수도 함락;;;;;;;;;;;x
narita_airport;나리타 공항;;;;;;;;;;;x
narita_airport_continue;나리타 공항 건설 지속;;;;;;;;;;;x
no_007_event;007편 사고 미발생;;;;;;;;;;;x
bandung_conference;반둥 회의;;;;;;;;;;;x
un_committe_on_decolonisation;국제연합 탈식민화위원회;;;;;;;;;;;x
alberto_fujimori;알베르토 후지모리;;;;;;;;;;;x
erm_flag;유럽 환율조정제도;;;;;;;;;;;x
left_erm;유럽 환율조정제도 탈퇴;;;;;;;;;;;x
country_at_war;전시 상황;;;;;;;;;;;x
destroy_satelllites;인공위성 파괴;;;;;;;;;;;x
has_chemical_clouds;화학구름 보유;;;;;;;;;;;x
disease1;역병;;;;;;;;;;;x
rejected_FBU_union_flag;영불연합 거부;;;;;;;;;;;x
nko_no_sphere;북한 영향권에 없음;;;;;;;;;;;x
forex_options;외화보유고 선택지;;;;;;;;;;;x
superstate_central_bank;초국가 중앙은행;;;;;;;;;;;x
cominform_flag;공산당 정보국;;;;;;;;;;;x
join_the_cfa;아프리카 프랑스 공동체 프랑 참여;;;;;;;;;;;x
support_greek_gov;그리스 정부 지원;;;;;;;;;;;x
bizerte_crisis;비제르테 위기;;;;;;;;;;;x
nato_flag_member;북태서양 조약기구 회원국;;;;;;;;;;;x
form_bizonia;영국-미국 점령구 조정;;;;;;;;;;;x
occupation_zone_potential;잠재적 점령구;;;;;;;;;;;x
trizone_formed;3개국 점령구 조정;;;;;;;;;;;x
final_settlement_ger;독일에 관한 마지막 합의;;;;;;;;;;;x
decide_german_economy_monnet;모네 계획 결정;;;;;;;;;;;x
decide_DRZ_and_ALW;드루즈, 알라위 결정;;;;;;;;;;;x
ww2_surplus_arms_flag;제2차 세계대전 잉여 무기;;;;;;;;;;;x
latin_debt_crisis;라틴아메리카 부채 위기;;;;;;;;;;;x
appoint_ruling_party;여당 지명제;;;;;;;;;;;x
superstate_common_tariffs;초국가 공동관세;;;;;;;;;;;x
conceded_trade_war;무역전쟁 패배 인정;;;;;;;;;;;x
trade_war_2;무역전쟁2;;;;;;;;;;;x
trade_war_3;무역전쟁3;;;;;;;;;;;x
trade_war_4;무역전쟁4;;;;;;;;;;;x
demanded_denuclearisation;비핵화 요구;;;;;;;;;;;x
nuclear_blackmail_flag;핵무기 협박;;;;;;;;;;;x
petro_rise;페트로 부상;;;;;;;;;;;x
un_internet_ownership;국제연합 인터넷 소유;;;;;;;;;;;x
rotating_internet_ownership;인터넷 소유권 돌아가며 위임 중;;;;;;;;;;;x
host_the_internet;인터넷 주최;;;;;;;;;;;x
coexistence_pledge;공존 맹세;;;;;;;;;;;x
strategic_bombardment;전략 폭격;;;;;;;;;;;x
endofmandatestatus;위임통치령 지위 소멸;;;;;;;;;;;x
white_terror;백색 테러;;;;;;;;;;;x
specially_disabled;특별하게 비활성 상태;;;;;;;;;;;x
epidemic_level2;전염병 확산 2단계;;;;;;;;;;;x
unclos_2;제2차 국제연합 해양법협약;;;;;;;;;;;x
sea_dispute_underway;영해 갈등 진행 중;;;;;;;;;;;x
outfrench;프랑스령 밖;;;;;;;;;;;x
scs_race;남중국해 경쟁;;;;;;;;;;;x
dispute_south_china_sea1;남중국해 분쟁;;;;;;;;;;;x
dispute_south_china_sea_done;남중국해 분쟁 종료;;;;;;;;;;;x
scs_marked;남중국해;;;;;;;;;;;x;
south_china_sea_sovereignty_gained;남중국해 주권 획득;;;;;;;;;;;x
dai_war_end;베트남 전쟁 종전;;;;;;;;;;;x
tog_communist;토고 공산당;;;;;;;;;;;x
cng_communist;콩고 공산당;;;;;;;;;;;x
hun_rep;헝가리 공화국;;;;;;;;;;;x
moon_mission_win_1;달 탐사 임무 승리;;;;;;;;;;;x
one_degree;1도 상승;;;;;;;;;;;x
two_degree;2도 상승;;;;;;;;;;;x
three_degree;3도 상승;;;;;;;;;;;x
45_degree;4.5도 상승;;;;;;;;;;;x
raise_oil_prices;유가 상승;;;;;;;;;;;x
lower_oil_prices;저유가;;;;;;;;;;;x
develop_bio_weapons;생물무기 개발;;;;;;;;;;;x
spreading_bio_weapon;생물무기 확산 중;;;;;;;;;;;x
vaccine_development;백신 개발;;;;;;;;;;;x
franco_boost;프랑코 가속;;;;;;;;;;;x
yeartwok;새천년;;;;;;;;;;;x
warship_commissioned;전함 발주;;;;;;;;;;;x
cwcrisis_initiated;냉전 위기 발발;;;;;;;;;;;x
cold_war_low;냉전 긴장도 낮음;;;;;;;;;;;x
cold_war_medium;냉전 긴장도 중간;;;;;;;;;;;x
cold_war_high;냉전 긴장도 높음;;;;;;;;;;;x
israelwarpalestine;이스라엘 팔레스타인 전쟁;;;;;;;;;;;x
palestinianauthrouty;팔레스타인에 관한 권한;;;;;;;;;;;x
co2_rising_study;이산화탄소 증가 연구;;;;;;;;;;;x
un_environment_conference;국제연합 환경 회의;;;;;;;;;;;x
global_warming_name;지구온난화 이름;;;;;;;;;;;x
ipcc;기후변화에 관한 정부간 패널;;;;;;;;;;;x
ipcc_first_report;기후변화에 관한 정부간 패널 제1차 보고서;;;;;;;;;;;x
montreal_start;몬트리올 의정서;;;;;;;;;;;x
earth_summit;지구 정상회담;;;;;;;;;;;x
ipcc_second_report;기후변화에 관한 정부간 패널 제2차 보고서;;;;;;;;;;;x
kyoto_protocol;교토 의정서;;;;;;;;;;;x
zero_five_two;0.25도;;;;;;;;;;;x
ipcc_third_report;기후변화에 관한 정부간 패널 제3차 보고서;;;;;;;;;;;x
copenhagen_accord;코펜하겐 협정;;;;;;;;;;;x
c_a_a;코펜하겐 협정;;;;;;;;;;;x
copenhagen_accord_result;코펜하겐 협정 결과;;;;;;;;;;;x
paris_deal;파리 기후협약;;;;;;;;;;;x
1600_event_fired;'1948년 헌법' 사건 발생;;;;;;;;;;;x
dimitrovconstitution;디미트로프 헌법;;;;;;;;;;;x
socdembulgaria1;사회민주주의 불가리아;;;;;;;;;;;x
zhivkovconstitution;지브코프 헌법;;;;;;;;;;;x
socdembulgaria2;사회민주주의 불가리아2;;;;;;;;;;;x
rejectedzhivkov;지브코프의 제안 거부;;;;;;;;;;;x
march_intifada;3월 아랍인 반란;;;;;;;;;;;x
litsov;리투아니아 주둔 소련군;;;;;;;;;;;x
no_statehood_hwi;하와이 국가지위 없음;;;;;;;;;;;x
the_dragon_wakes;용이 깨어나다;;;;;;;;;;;x
mao_zedong_death;마오쩌둥 서거;;;;;;;;;;;x
gang_of_four_executed;사인방 축출;;;;;;;;;;;x
china_ping_pong_diplo;중국 핑퐁외교;;;;;;;;;;;x
not_participating_UN;국제연합 비회원국;;;;;;;;;;;x
block_army_limiting;군대 제한 차단;;;;;;;;;;;x
chinese_unity_govt;중국 국공합작;;;;;;;;;;;x
ccw_american_nonintervention;국공 내전 미국 비개입;;;;;;;;;;;x
ccw_soviet_nonintervention;국공 내전 소련 비개입;;;;;;;;;;;x
loans_repaid;;;;;;;;;;;x
un_soviet_boycott;소련의 국제연합 보이콧;;;;;;;;;;;x
chemical_bomb_developed;화학폭탄 개발 완료;;;;;;;;;;;x
tulip_revolution_aftermath;튤립 혁명;;;;;;;;;;;x
second_kyrgz_revolution;제2차 키르기스스탄 혁명;;;;;;;;;;;x
performance_mode_set;성능모드 설정;;;;;;;;;;;x
noreligion;종교없음;;;;;;;;;;;x
noculture;문화없음;;;;;;;;;;;x
lend_lease_request;무기대여 요청;;;;;;;;;;;x
india_land_reform;인도 토지개혁;;;;;;;;;;;x
HAVE_INDUSTRIAL_SCORE_LESS_THAN; 산업력 < ;Have less Industrial Score than: ;;;;;;;;;;;x
HAVE_LESS_TOTAL_PORTS_THAN; 항구 수 ≤ ;Have equal or less ports than: ;;;;;;;;;;;xx;
HAVE_MORE_TOTAL_PORTS_THAN; 항구 수 ≥ ;Have equal or more ports than: ;;;;;;;;;;;xx;
HAVE_LESS_VASSALS_THAN; 종속국 수 < ;Have less vassals than ;;;;;;;;;;;xx
HAVE_LESS_NATIONAL_PROVINCES_OCCUPIED_THAN; 국민지역 점령 비율 < ;The percentage of occupied national provinces is less than: ;;;;;;;;;;;x;;;;;;
HAVE_AT_LEAST_ONE_OWNED_NEIGHBORING_PROVINCE; 인접 지역 있음 ≠;Have at least one owned neighboring province such that:;;;;;;;;;;;x;;;;;;;;;;;x;;;;
DONT_HAVE_THE_PROVINCE_MODIFIER; 지역 변동사항 있음 ≠ ;Do NOT have the province modifier ;;;;;;;;;;;x;;;;;;;;;;
HAS_NO_NATIONAL_MINORITY; = 소수집단 존재;Has Minorities;;;;;;;;;;;x;;;;;;;;;;;x;;x;;;;
HAS_NOT_NATIONAL_MINORITY; = 소수집단 존재;Has Minorities;;;;;;;;;;;x;;;;;;;;;;;x;;x;;;;
HAS_NATIONAL_MINORITY; = 소수집단 존재;Has Minorities;;;;;;;;;;;x;;;;;;;;;;;x;;x;;;;
NEUTRALITY_EFFECT; 중립국이 되며 모든 동맹을 파기하고 모든 위성국을 해방합니다.;The nation becomes neutral, dissolving all alliances and setting all satellites free.;;;;;;;;;;;x;;;x
THE_CAPITAL_IS_NOT; 수도 ≠ ;The Capital Is Not ;;;;;;;;;;;x;;;;;
HOLD_ELECTION_BUTTON;선거 실시;Hold Election;;;;;;;;;;;x;;
ANY_POP_IN_PROVINCE_STARTS;주민 전체;Any Pop;;;;;;;;;;;x;;;;;;
REMOVE_MONEY_EFFECT; 돈: - 쬟$VALUE$ㄷW \n.;Lose 쬟$VALUE$ㄷW.\n;;;;;;;;;;;x;;;;;;;;
MONEY_EFFECT; 돈: - 쬟$VALUE$ㄷW \n.;Funds 쬟$VALUE$쬦ㄷW.\n;;;;;;;;;;;xx;;;;
THE_CAPITAL_IS; 수도 =;The Capital Is;;;;;;;;;;;x
NORMAL_WAR_CONQUEST_ANY_NAME;$ORDER$$FIRST_COUNTRY$-$SECOND_COUNTRY$ 전쟁;;;;;;;;;;;x;
AGRESSION_WAR_CONQUEST_ANY_NAME;$ORDER$$FIRST_COUNTRY$-$SECOND_COUNTRY$ 전쟁;;;;;;;;;;;x;;;;;
NORMAL_WAR_NAME_FASCISM;$ORDER$$FIRST_COUNTRY$-$SECOND_COUNTRY$ 검정셔츠 혁명;;;;;;;;;;;x
AGRESSION_WAR_NAME_FASCISM;$ORDER$$FIRST_COUNTRY$-$SECOND_COUNTRY$ 검정셔츠 혁명;;;;;;;;;;;x
NORMAL_WAR_NAME_COMMUNISM;$ORDER$$FIRST_COUNTRY$-$SECOND_COUNTRY$ 혁명전쟁;;;;;;;;;;;x
AGRESSION_WAR_NAME_COMMUNISM;$ORDER$$FIRST_COUNTRY$-$SECON_COUNTRY$ 혁명전쟁;;;;;;;;;;;x
NORMAL_WAR_NAME_DEMOCRACY;$ORDER$$FIRST_COUNTRY$-$SECOND_COUNTRY$ 혁명정권 타도전쟁;;;;;;;;;;;x
AGRESSION_WAR_NAME_DEMOCRACY;$ORDER$$FIRST_COUNTRY$-$SECOND_COUNTRY$ 혁명정권 타도전쟁;;;;;;;;;;;x
ANY_ALL; 전체 지역;Any province;;;;;;;;;;;xx,,,,
IS_IN_REGION; 소속 = ; is in the region ;;;;;;;;;;;x
IS_NOT_IN_THE_REGION; 소속 ≠ ;Is NOT in the region ;;;;;;;;;;;x
HAS_SIEGE; = 포위 상태;Under Siege;;;;;;;;;;;x
Long text here!;여기 긴 글!;;;;;;;;;;;x,
26th of March, 1836;1836년 4월 26일;;;;;;;;;;;x
State name here;이름을 여기에 말해주세요;;;;;;;;;;;x
ESCAPE;ESC;;;;;;;;;;;;x,,,
MORE_DIPLOMATIC_RELATION; 외교관계 > ;;;;;;;;;;;x
HAVE_NOT_ALLIANCE_WITH; 동맹국 ≠ ;;;;;;;;;;;x
