fascist_group;파쇼주의계 정당;;;;;;;;;;x
conservative_group;보수주의-반동주의계 정당;;;;;;;;;;x
socialist_group;사회주의-공산주의계 정당;;;;;;;;;;x
liberal_group;자유주의-아나르코자본주의계 정당;;;;;;;;;;x
switch_to_traditional_academic_title;학회 복원;Restore The Academia;;;;;;;;;;;;x
switch_to_traditional_academic_desc;연구학회에 속한 많은 이들이 국내 연구체제가 부당하게 편향적이라 피해가 생긴다고 여깁니다. 이들은 그렇기 때문에 연구체제를 전통적 학회가 주도하는 형태로 되돌려야 한다고 생각합니다.;Many within our academic circles feel that the present direction of our academia suffers from an undue bias, and that we should return to a more traditional academic profile.;;;;;;;;;;;;x
switch_to_army_tech_title;군산복합체;Military-Industrial Complex;;;;;;;;;;;;x
switch_to_army_tech_desc;국방과 전쟁정책에 관한 사기업과 군대 간의 협력은 개인적 인맥과 친분을 기반으로 소위 군산복합체라 불리는 형태의 매우 중요한 복합체를 만들어 냈다. 우리나라의 연구체제가 이 비공식적인 네트워크를 중심으로 노력한다면, 해군기술과 문화기술을 잃겠지만 산업기술과 육군기술을 발전시킬 수 있다.;Cooperation between private industrialists and the military, on the issues of national defense and war policy, have led to the development of a particularly important web of connections, personal ties and acquaintances, with just an ever so slight hint of corruption, that can best be described as a Military-Industrial Complex. By furthering the goals and ambitions of these informal networks within our academia, we can boost industrial and military research, at the expense of navy and culture.;;;;;;;;;;;;x
switch_to_navy_tech_title;해군력 & 상선대;Sea power & The Merchant Marine;;;;;;;;;;;;x
switch_to_navy_tech_desc;우리나라에서 출세하기 위한 가장 좋은 방법은 바다에 관한 일을 하는 것이라고들 한다. 실제로 우리나라의 군과 정부 고위층에는 해군사관 교육을 받은 사람이나 상선대 승무원으로 근무한 자들이 많다. 우리나라와 같은 해양국은 해군의 중요성을 과소평가할 수 없다. 그렇기에 우리나라는 해군계 인사들을 연구체제의 중심으로 삼아 해군기술 분야에서 다른 국가보다 빠른 기술발전을 이룰 수가 있다. 물론 이 때문에 다른 기술분야에서는 피해가 생기게 될 것이다.;It has been said that the best way to get ahead in our country is to go via the naval schools. Much of our country's military and political elites have been educated navy men, or have served in the merchant marine. The navy's importance for a seafaring country like our own cannot be underestimated, and by promoting these groups and backgrounds politically, we can ensure that our naval technology will develop at an increased rate, at the expense, however, of other fields of research.;;;;;;;;;;;;x
switch_to_culture_tech_title;혁신적 지식인;Avantgarde Intelligentsia;;;;;;;;;;;;x
switch_to_culture_tech_desc;급진적이고 새로운 이데올로기 신봉자를 지원하여 그들이 학회에서 출세하도록 도운 결과, 그들은 국가가 자신들의 이데올로기적 목적에 더욱 적합하도록 연구체제를 이끌 수 있는 위치를 점하게 되었다. 그들을 더욱 지원함으로써 우리나라의 문화기술 발전속도는 빨라질 것이다. 다만 이로 인해 다른 분야의 발전은 늦춰지게 된다.;A cultural and ideological avantgarde within our country has, during the past years, been undertaking a long march through our academic institutions. By steadily working their way up the rungs of the academic ladder, these radical new ideologues are now in a position to completely subvert our academic institutions to better suit their ideological agenda. By supporting their cause, we can increase the speed of our cultural research, to the detriment, however, of other spheres of intellectual progress.;;;;;;;;;;;;x
switch_to_trade_tech_title;대자본가 & 경영대학교;Tycoon Capitalism & Business Schools;;;;;;;;;;;;x
switch_to_trade_tech_desc;최근 수년간 우리나라는 경영대학교 또는 기업에서 같은 교육을 받은 선택된 자들의 영향을 받고 있다. 이들을 지원함으로써 우리나라는 상업기술과 공업기술 발전에 집중할 수 있다. 다만 이로 인해 다른 분야의 발전은 늦춰지게 될 것이다.;Our country has under the past years come increasingly under the sway of select cliques of people who have all been educated at the same, or similar, elite business schools and companies. By supporting these groups, we can ensure that our academia's focus lies where it matters: in the fields of commerce and industry. This change will, however, come at the expense of other fields of research.;;;;;;;;;;;;x
switch_to_industry_tech_title;공업기업군;Corporative Industrialism;;;;;;;;;;;;x
switch_to_industry_tech_desc;우리나라의 자본가와 정부는 최근 개인적인 만남을 기반으로 양측의 관계를 더욱 밀접하게 연결하기 위해 노력해왔다. 그 결과, 지금 상호의존적 공생관계가 구축되고 있다. 이런 관계를 더욱 돈독히 함으로써 우리나라는 공업기술 발전속도는 더욱 빨라질 것이다. 다만 이로 인해 다른 분야의 발전은 늦춰지게 된다.;Capital and government in our country have, for some time, been doing their utmost to weave between them an intricate web of personal relations, that has increasingly come to assume the forms of a symbiotic relationship of mutual dependence. By further promoting these connections between the public and private spheres of our society, we can vastly increase our technological progress in the fields of industry, at the expense, however of research in other fields.;;;;;;;;;;;;x
TECH_INVENTIONS_TOOLTIP;다음 기술들을 발명할 수 있습니다.;Inventions:;;;;;;;;;;;;;x
TECH_MONTHLY_RESEARCHPOINTS_TOOLTIP;[SUB_A7]Y$POPTYPE$[SUB_A7]W의 대학진학률이 $LITERACY$이기 때문에 연구점을 [SUB_A7]Y$VALUE$ 획득합니다.;L'alphab?isation $LITERACY$ de [SUB_A7]Y$POPTYPE$[SUB_A7]W nous conf?e [SUB_A7]Y$VALUE$ points de recherche[SUB_A7]W;$LITERACY$ gebildete [SUB_A7]Y$POPTYPE$[SUB_A7]W geben uns [SUB_A7]Y$VALUE$ Forschungspunkte[SUB_A7]W;;;;;;;;;;;x
TECH_MONTHLY_RESEARCHPOINTS_BASE_TOOLTIP;매달 기초 연구점: [SUB_A7]Y$VALUE$[SUB_A7]W;[SUB_A7]YPoints de recherche[SUB_A7]W de base mensuels : [SUB_A7]Y$VALUE$[SUB_A7]W;[SUB_A7]Yresearch points[SUB_A7]W auf Monatsbasis: [SUB_A7]Y$VALUE$[SUB_A7]W;;;;;;;;;;;x
TECH_MONTHLY_RESEARCHPOINTS_TOTAL_TOOLTIP;매달 연구점: [SUB_A7]G+$VALUE$[SUB_A7]W;[SUB_A7]YPoints de recherche[SUB_A7]W mensuels : [SUB_A7]Y$VALUE$[SUB_A7]W;Monatliche [SUB_A7]YForschungspunkte[SUB_A7]W: [SUB_A7]Y$VALUE$[SUB_A7]W;;;;;;;;;;;x
TECH_MONTHLY_RESEARCHPOINTS_UNCIVILIZED;비문명국: ;Uncivilized: ;;;;;;;;;;;;x
BASE_TARIFF_EFFICIENCY;기본 효율: [SUB_A7]Y$PERC$%[SUB_A7]W;Efficacit?de base : [SUB_A7]Y$PERC$%[SUB_A7]W;Basiseffizienz: [SUB_A7]Y$PERC$%[SUB_A7]W;;Eficacia b?ica: [SUB_A7]Y$PERC$%[SUB_A7]W;;;;;;;;;x
PRODUCTION_OPEN_FACTORY_TOOLTIP;[SUB_A7]Y공장 재개[SUB_A7]W;[SUB_A7]YOuvrir une usine[SUB_A7]W;[SUB_A7]YFabrik ?fnen[SUB_A7]W;;[SUB_A7]YAbrir f?rica[SUB_A7]W;;;;;;;;;x
PRODUCTION_CLOSE_FACTORY_TOOLTIP;[SUB_A7]Y공장 폐쇄[SUB_A7]W;[SUB_A7]YFermer une usine[SUB_A7]W;[SUB_A7]YFabrik schlie?n[SUB_A7]W;;[SUB_A7]YCerrar f?rica[SUB_A7]W;;;;;;;;;x
PRODUCTION_EXPAND_FACTORY_TOOLTIP;[SUB_A7]Y공장 확장[SUB_A7]W;[SUB_A7]YAgrandir une usine[SUB_A7]W;[SUB_A7]YFabrik erweitern[SUB_A7]W;;[SUB_A7]YAmpliar f?rica[SUB_A7]W;;;;;;;;;x
PRODUCTION_BUILDING_FACTORY_TOOLTIP;[SUB_A7]Y$TYPE$[SUB_A7]W 건설;Construction de [SUB_A7]Y$TYPE$[SUB_A7]W;Bau von [SUB_A7]Y$TYPE$[SUB_A7]W;;Construyendo [SUB_A7]Y$TYPE$[SUB_A7]W;;;;;;;;;x
PRODUCTION_EXPANDING_FACTORY_TOOLTIP;[SUB_A7]Y$TYPE$[SUB_A7]W 확장;Agrandissement de [SUB_A7]Y$TYPE$[SUB_A7]W;Ausbau von [SUB_A7]Y$TYPE$[SUB_A7]W;;Ampliando [SUB_A7]Y$TYPE$[SUB_A7]W;;;;;;;;;x
PRODUCTION_BUILDING_FACTORY_PROGRESS_TOOLTIP;건설이 [SUB_A7]G$PERC$%[SUB_A7]W 완료되었으며, [SUB_A7]Y$DAYS$[SUB_A7]W일 남았습니다.;[SUB_A7]G$PERC$%[SUB_A7]W termin? [SUB_A7]Y$DAYS$[SUB_A7]W jours restants.;[SUB_A7]G$PERC$%[SUB_A7]W fertig, [SUB_A7]Y$DAYS$[SUB_A7]W Tage ?rig;;[SUB_A7]G$PERC$%[SUB_A7]W terminado, [SUB_A7]Y$DAYS$[SUB_A7]W d?s restantes;;;;;;;;;x
PRODUCTION_OPEN_FACTORY_BECAUSE_TOOLTIP;다음 이유로 인해 이 공장을 재개할 수 있습니다:\n;Nous sommes autoris? ?ouvrir cette usine car :\n;Wir k?nen diese Fabrik aus folgenden Gr?den ?fnen:\n;;Podemos abrir esta f?rica porque:\n;;;;;;;;;x
PRODUCTION_CLOSE_FACTORY_BECAUSE_TOOLTIP;다음 이유로 인해 이 공장을 폐쇄할 수 있습니다:\n;Nous sommes autoris? ?fermer cette usine car :\n;Wir k?nen diese Fabrik aus folgenden Gr?den schlie?n:\n;;Podemos cerrar esta f?rica porque:\n;;;;;;;;;x
PRODUCTION_EXPAND_FACTORY_BECAUSE_TOOLTIP;다음 이유로 인해 이 공장을 확장할 수 있습니다:\n;Nous sommes autoris? ?agrandir cette usine car :\n;Wir k?nen diese Fabrik aus folgenden Gr?den ausbauen:\n;;Podemos ampliar esta f?rica porque:\n;;;;;;;;;x
PRODUCTION_NOT_OPEN_FACTORY_BECAUSE_TOOLTIP;다음 이유로 인해 이 공장을 [SUB_A7]R열 수 없습니다[SUB_A7]W:\n;Nous ne sommes [SUB_A7]RPAS[SUB_A7]W autoris? ?ouvrir cette usine car :\n;Wir k?nen diese Fabrik aus folgenden Gr?den [SUB_A7]RNOT[SUB_A7]W ?fnen:\n;;[SUB_A7]RNO[SUB_A7]W podemos abrir esta f?rica porque:\n;;;;;;;;;x
PRODUCTION_NOT_CLOSE_FACTORY_BECAUSE_TOOLTIP;다음 이유로 인해 우리는 이 공장을 [SUB_A7]R닫을 수 없습니다[SUB_A7]W:\n;Nous ne sommes [SUB_A7]RPAS[SUB_A7]W autoris? ?fermer cette usine car :\n;Wir k?nen diese Fabrik aus folgenden Gr?den [SUB_A7]RNOT[SUB_A7]W schlie?n:\n;;[SUB_A7]RNO[SUB_A7]W podemos cerrar esta f?rica porque:\n;;;;;;;;;x
PRODUCTION_NOT_EXPAND_FACTORY_BECAUSE_TOOLTIP;다음 이유로 인해 이 공장을 [SUB_A7]R확장할 수 없습니다[SUB_A7]W.:\n;Nous ne sommes [SUB_A7]RPAS[SUB_A7]W autoris? ?agrandir cette usine car :\n;Wir k?nen diese Fabrik aus folgenden Gr?den [SUB_A7]RNOT[SUB_A7]W ausbauen:\n;;[SUB_A7]RNO[SUB_A7]W podemos ampliar esta f?rica porque:\n;;;;;;;;;x
PRODUCTION_CURRENT_PRIORITY_TOOLTIP;현재 우선 순위 : [SUB_A7]Y$VALUE$[SUB_A7]W;Priorit?actuelle : [SUB_A7]Y$VALUE$[SUB_A7]W;Aktuelle Priorit?: [SUB_A7]Y$VALUE$[SUB_A7]W;;Prioridad actual: [SUB_A7]Y$VALUE$[SUB_A7]W;;;;;;;;;"x	";
PRODUCTION_CANCEL_SUBSIDIES;산업 보조금 지급 중단;Annuler les subventions;Zusch?se einstellen;;Cancelar subsidios;;;;;;;;;x
PRODUCTION_SUBSIDIES_DESC;공장의 수익이 낮은 경우 보조금을 통해 원자재 구매 비용과 노동자 봉급을 대신 지불합니다.;En subventionnant une usine, nous pourrons nous acquitter des co?s des mati?es premi?es et/ou des salaires minimum des ouvriers si l'usine ne rapporte pas assez d'argent.;Durch die Bezuschussung einer Fabrik zahlen wir f? ihre Input-Kosten und/oder die Mindestgeh?ter der Fabrikarbeiter, wenn die Fabrik nicht gen?end Geld verdient.;;Si damos un subsidio a una f?rica, pagaremos los costes de entrada y los salarios m?imos de los trabajadores en el caso de que la f?rica no gane suficiente dinero.;;;;;;;;;x
PRODUCTION_MONEY_NEEDED;필요 자본: $VALUE$;Money needed: $VALUE$;Argent n?essaire : $VALUE$;Ben?igter Geldbetrag: $VALUE$;;;;;;;;;;;x
PRODUCTION_TAB_FACTORIES;국내의 모든 공장들을 열람합니다.;Shows overview of all factories in our country;;;;;;;;;;;x
PRODUCTION_TAB_PRODUCTION;국내에서 생산되는 생산품과 각각의 생산자들이 상품을 생산하기 위해 필요로 하는 물품을 열람합니다.;Shows production overview of our country. Also shows the production output of each of our producers;;;;;;;;;;;;x
PRODUCTION_TAB_PROJECTS;[SUB_A7]Y$POPTYPE$[SUB_A7]W의 건설 계획을 열람합니다.;Shows what our [SUB_A7]Y$POPTYPE$[SUB_A7]W are planning to build;;;;;;;;;;;;;x
PRODUCTION_NOTHING_PRODUCED;국내에서는 [SUB_A7]Y$GOOD$[SUB_A7]W이(가) 생산되지 않습니다.;We are not producing any [SUB_A7]Y$GOOD$[SUB_A7]W in our country;;;;;;;;;;;;x
PRODUCTION_OPEN_FACTORY_DESC_TOOLTIP;공장을 열면 고용과 생산이 다시 시작됩니다.;Si nous ouvrons l'usine, elle engagera de la main-d'쐕vre et recommencera ?produire des biens.;Wenn wir die Fabrik ?fnen, wird sie Arbeiter anwerben und wieder G?er produzieren.;;;;;;;;;;;x
PRODUCTION_CLOSE_FACTORY_DESC_TOOLTIP;공장을 닫으면 고용과 생산이 중단됩니다.;Si nous fermons l'usine, elle cessera de produire et toute la main-d'쐕vre sera au ch?age.;Wenn wir die Fabrik schlie?n, wird sie die Produktion einstellen und alle Arbeiter werden arbeitslos.;;;;;;;;;;;x
PRODUCTION_EXPAND_FACTORY_DESC_TOOLTIP;공장을 확장하면 더 많은 노동자를 고용할 수 있습니다.;Si nous agrandissons l'usine, elle pourra engager plus d'ouvrier.;Wenn wir diese Fabrik ausbauen, erh?en wir die Anzahl der Arbeiter, die sie besch?tigen kann.;;;;;;;;;;;x
PRODUCTION_PRIO_FACTORY_DESC_TOOLTIP;우선순위가 높은 공장은 우선 순위가 낮은 공장보다 먼저 노동자를 고용하고 원자재를 구입할 수 있습니다.(단, 동일한 지역의 경우에만 해당);Les usines de plus haute priorit?pourront engager des ouvriers et acheter des biens avant les usines de moindre priorit?(dans le m?e ?at);Fabriken mit h?erer Priorit? k?nen Arbeiter anwerben und G?er kaufen, bevor dies Fabriken (im gleichen Staat) mit geringer Priorit? m?lich ist.;;;;;;;;;;;x
PRODUCTION_INPUT_REQUIRED;장인과 공장이 이것을 만들기 위해서는 [SUB_A7]Y$GOOD$[SUB_A7]W(이)가 필요합니다.;Our artisans and/or factories need [SUB_A7]Y$GOOD$[SUB_A7]W to produce output;;;;;;;;;;;x
PRODUCTION_PRODUCING_EACH_DAY;\n[SUB_A7]Y매일마다 $TYPE$[SUB_A7]W은(는) $GOOD$를(을) [SUB_A7]Y$VALUE$[SUB_A7]W 생산합니다.;[SUB_A7]WOur [SUB_A7]Y$TYPE$[SUB_A7]W are producing [SUB_A7]Y$VALUE$ $GOOD$[SUB_A7]W each day;;;;;;;;;;;;x
PRODUCTION_WANTS_EACH_DAY;[SUB_A7]Y매일마다 $TYPE$[SUB_A7]W은(는) [SUB_A7]Y$GOOD$[SUB_A7]W(이)가 [SUB_A7]Y$VALUE$[SUB_A7]W 필요합니다.;Nos [SUB_A7]Y$TYPE$[SUB_A7]W requi?ent [SUB_A7]Y$VALUE$ $GOOD$[SUB_A7]W chaque jour.;Unser [SUB_A7]Y$TYPE$[SUB_A7]W ben?igt t?lich [SUB_A7]Y$VALUE$ $GOOD$[SUB_A7]W.;;Nuestros [SUB_A7]Y$TYPE$[SUB_A7]W necesitan [SUB_A7]Y$VALUE$ de $GOOD$[SUB_A7]W cada d?.;;;;;;;;;x
WARSUBSIDIES_THEY_ACCEPT_SETUP;우리나라가 다른 국가에 전시 보조금을 지원하기 시작했을 때;;;;;;;;;;x
WARSUBSIDIES_WE_ACCEPT_SETUP;다른 국가가 우리나라에게 전시 보조금을 지원하기 시작했을 때;;;;;;;;;;x
WARSUBSIDIES_OTHER_ACCEPT_SETUP;어떤 국가가 다른국가에게 전시 보조금을 지원하기 시작했을 때;;;;;;;;;x
CANCEL_WARSUBSIDIES_THEY_ACCEPT_SETUP;우리나라가 다른 국가에 전쟁비용 지원을 중단했을 때;When we cancel our war subsidies to a nation;;;;;;;;;;;;x;
CANCEL_WARSUBSIDIES_WE_ACCEPT_SETUP;어느 국가가 우리나라에 전쟁비용 지원을 중단했을 때;When a nation cancel their war subsidies to us;;;;;;;;;;;;x;
CANCEL_WARSUBSIDIES_OTHER_ACCEPT_SETUP;어느 국가가 다른 나라의 전쟁비용을 중단했을 때;When a nation cancel their war subsidies to another nation;;;;;;;;;;;;x;
ASKMILITARYACCESS_THEY_ACCEPT_SETUP;어느 국가가 우리나라와의 군사 통행권 요청을 수락했을 때;When a nation accept our military access request;;;;;;;;;;;;x;
ASKMILITARYACCESS_WE_ACCEPT_SETUP;우리나라가 다른 국가와의 군사 통행권 요청을 수락했을 때;When we accept a nation's military access request;;;;;;;;;;;;x;
ASKMILITARYACCESS_OTHER_ACCEPT_SETUP;어느 국가가 다른 국가 간의 군사 통행권 요청을 수락했을 때;When a nation accepts another nation's military access request;;;;;;;;;;;;x;
ASKMILITARYACCESS_THEY_DECLINE_SETUP;어느 국가가 우리나라와의 군사 통행권 요청을 거부했을 때;When a nation declines our military access request;;;;;;;;;;;;x;
ASKMILITARYACCESS_WE_DECLINE_SETUP;우리나라가 다른 국가 간의 군사 통행권 요청을 거부했을 때;When we decline a nation's military access request;;;;;;;;;;;;x;
ASKMILITARYACCESS_OTHER_DECLINE_SETUP;어느 국가가 다른 국가 간 군사 통행권 요청을 거부했을 때;When a nation declines another nation's military access request;;;;;;;;;;;;x;
CANCELASKMILITARYACCESS_THEY_ACCEPT_SETUP;우리나라가 어느 나라에 대해 인정받던 군사 통행권을 반환했을 때;When we cancel military access rights to another country;;;;;;;;;;;;x;
CANCELASKMILITARYACCESS_WE_ACCEPT_SETUP;어느 국가가 우리나라에 대해 인정받던 군사 통행권을 반환했을 때;When a nation cancels their military access rights to our country;;;;;;;;;;;;x;
CANCELASKMILITARYACCESS_OTHER_ACCEPT_SETUP;어느 국가가 다른 국가에 대해 인정 받던 군사 통행권을 반환했을 때;When a nation cancels their military access rights to another nation;;;;;;;;;;;;x;
GIVEMILITARYACCESS_THEY_ACCEPT_SETUP;우리 나라가 다른 국가에 대한 군사 통행권을 인정했을 때;When we grant another nation military access rights to our country;;;;x;
GIVEMILITARYACCESS_WE_ACCEPT_SETUP;어느 국가가 우리 나라에 대한 군사 통행권을 인정했을 때;When a nation grants us military access rights to their country;;;;x;
GIVEMILITARYACCESS_OTHER_ACCEPT_SETUP;어느 국가가 다른 국가에 대한 군사 통행권을 인정했을 때;When a nation grants another nation military access rights to their country;;;;x;
GIVEMILITARYACCESS_THEY_DECLINE_SETUP;우리 나라와의 군사 통행 허가 제안이 거부됐을 때;When our military access offer is rejected;;;;x;
GIVEMILITARYACCESS_WE_DECLINE_SETUP;우리 나라가 다른 국가와의 군사 통행 허가 제안을 거부했을 때;When we reject a military access offer from another nation;;;;x;
GIVEMILITARYACCESS_OTHER_DECLINE_SETUP;어느 국가가 다른 국가 간의 군사 통행 허가 제안을 거부했을 때;When a nation rejects a military access offer from another nation;;;;x;
CANCELGIVEMILITARYACCESS_THEY_ACCEPT_SETUP;우리 나라가 다른 국가에 대해 인정한 군사 통행권을 취소할 때;When we cancel military access rights to our country;;;;x;
CANCELGIVEMILITARYACCESS_WE_ACCEPT_SETUP;어느 국가가 우리 나라에 대해 인정했던 군사 통행권을 취소할 때;When a nation cancels our military access rights to their country;;;;x;
CANCELGIVEMILITARYACCESS_OTHER_ACCEPT_SETUP;어느 국가가 다른 국가에 대해 인정했던 군사 통행권을 취소할 때;When a nation cancels another nation's military access rights to their country;;;;x;
ALLIANCE_THEY_ACCEPT_SETUP;어느 국가가 우리 나라와의 동맹 제안을 수락했을 때;When a nation accepts our alliance offer;;;;x;
ALLIANCE_WE_ACCEPT_SETUP;우리 나라가 다른 국가와의 동맹 제안을 수락했을 때;When we accept another nation's alliance offer;;;;x;
ALLIANCE_OTHER_ACCEPT_SETUP;어느 국가가 다른 국가과의 동맹 제안을 수락했을 때;When a nation accepts another nation's alliance offer;;;;x;
ALLIANCE_THEY_DECLINE_SETUP;어느 국가가 우리 나라와의 동맹 제안을 거부했을 때;When a nation declines our alliance offer;;;;x;
ALLIANCE_WE_DECLINE_SETUP;우리 나라가 다른 국가와의 동맹 제안을 거부했을 때;When we decline another nation's alliance offer;;;;x;
ALLIANCE_OTHER_DECLINE_SETUP;어느 국가가 다른 국가과의 동맹 제안을 거부했을 때;When a nation declines another nation's alliance offer;;;;x;
CANCELALLIANCE_THEY_ACCEPT_SETUP;우리 나라가 다른 국가와 동맹을 파기했을 때;When we cancel an alliance with another nation;;;;x;
CANCELALLIANCE_WE_ACCEPT_SETUP;어느 국가가 우리 나라와 동맹을 파기했을 때;When a nation cancels their alliance with us;;;;x;
CANCELALLIANCE_OTHER_ACCEPT_SETUP;어느 국가가 다른 국가과의 동맹을 파기했을 때;When a nation cancels their alliance with another nation;;;;x;
CALLALLY_THEY_ACCEPT_SETUP;어느 국가가 우리 나라와의 참전 요청을 수락했을 때;When a nation accepts our call to arms;;;;x;
CALLALLY_WE_ACCEPT_SETUP;우리 나라가 다른 국가와의 참전 요청을 수락했을 때;When we accept a nation's call to arms;;;;x;
CALLALLY_OTHER_ACCEPT_SETUP;어느 국가가 다른 국가과의 참전 요청을 수락했을 때;When a nation accepts another nation's call to arms;;;;x;
CALLALLY_THEY_DECLINE_SETUP;어느 국가가 우리 나라와의 참전 요청을 거부했을 때;When a nation declines our call to arms;;;;x;
CALLALLY_WE_DECLINE_SETUP;우리 나라가 다른 국가와의 참전 요청을 거부했을 때;When we decline a nation's call to arms;;;;x;
CALLALLY_OTHER_DECLINE_SETUP;어느 국가가 우리 나라와의 참전 요청을 거부했을 때;When a nation declines another nation's call to arms;;;;x;
DISCREDIT_THEY_ACCEPT_SETUP;우리 나라가 다른 국가의 신용을 실추시켰을 때;When we discredit a nation;;;;x;
DISCREDIT_WE_ACCEPT_SETUP;어느 국가가 우리 나라의 신용을 실추시켰을 때;When a nation discredits another nation in our country;;;;x;
DISCREDIT_OTHER_ACCEPT_SETUP;어느 국가가 다른 국가의 신용을 실추시켰을 때;When a nation discredits another nation;;;;x;
EXPELADVISORS_THEY_ACCEPT_SETUP;우리 나라가 다른 국가의 고문을 추방했을 때;When we expel the advisers of a nation;;;;x;
EXPELADVISORS_WE_ACCEPT_SETUP;어느 국가가 우리 나라의 고문을 추방했을 때;When a nation expels the advisers of another nation in our country;;;;x;
EXPELADVISORS_OTHER_ACCEPT_SETUP;어느 국가가 다른 국가의 고문을 추방했을 때;When a nation expels the advisers of another nation;;;;x;
BANEMBASSY_THEY_ACCEPT_SETUP;우리 나라가 다른 국가의 대사를 추방했을 때;When we ban the embassy of a nation;;;;x;
BANEMBASSY_WE_ACCEPT_SETUP;어느 국가가 우리 나라 대사를 추방했을 때;When a nation bans the embassy of another nation in our country;;;;x;
BANEMBASSY_OTHER_ACCEPT_SETUP;어느 국가가 다른 국가 대사를 추방했을 때;When a nation bans the embassy of another nation;;;;x;
INCREASEOPINION_THEY_ACCEPT_SETUP; 우리나라의 발언권이 다른 국가에서 증가 할 때; When we increase the opinion of us in a nation;;;;;;;;;;;; x;
INCREASEOPINION_WE_ACCEPT_SETUP; 다른 국가의 발언권이 우리나라에서 증가 할 때; When a nation increases the opinion of themselves in our country;;;;;;;;;;;; x;
INCREASEOPINION_OTHER_ACCEPT_SETUP; 다른 국가의 발언권이 다른 나라에서 증가 할 때; When a nation increases the opinion of themselves in another nation;;;;;;;;;;;; x;
DECREASEOPINION_THEY_ACCEPT_SETUP; 우리나라의 발언권이 다른 국가에서 떨어질 때; When we decrease the opinion of another nation;;;;;;;;;;;; x;
DECREASEOPINION_WE_ACCEPT_SETUP; 우리나라의 발언권이 다른 국가에서 떨어질 때; When a nation decreases the opinion of another nation in our country;;;;;;;;;;;; x;
DECREASEOPINION_OTHER_ACCEPT_SETUP; 우리나라의 발언권이 다른 국가에서 떨어질 때; When a nation decreases the opinion of another nation;;;;;;;;;;;; x;
ADDTOSPHERE_THEY_ACCEPT_SETUP; 우리나라가 다른 국가를 세력권에 편입 할 때; When we add a nation to our Sphere of Influence;;;;;;;;;;;; x;
ADDTOSPHERE_WE_ACCEPT_SETUP;어느 나라가 우리나라를 세력권에 편입 할 때; When we are added to a nation 's Sphere of Influence;;;;;;;;;;;; x;
ADDTOSPHERE_OTHER_ACCEPT_SETUP; 어느 나라가 다른 나라를 세력권에 편입 할 때; When a nation is added to another nation 's Sphere of Influence;;;;;;;;;;;; x;
REMOVEFROMSPHERE_THEY_ACCEPT_SETUP; 우리나라가 어느 나라를 다른 나라의 세력권에서 이탈시킬 때; When we remove a nation from another nation 's Sphere of Influence;;;;;;;;;;;; x;
REMOVEFROMSPHERE_WE_ACCEPT_SETUP; 우리나라가 다른 국가의 세력권에서 이탈시킬 때; When we are removed from another nation 's Sphere of Influence;;;;;;;;;;;; x;
REMOVEFROMSPHERE_OTHER_ACCEPT_SETUP; 어느 나라가 다른 나라의 세력권에서 이탈시킬 때; When a nation is removed from another nation 's Sphere of Influence;;;;;;;;;;;; x;
INCREASERELATION_THEY_ACCEPT_SETUP; 우리나라가 우리나라과 다른 한 국가와의 관계를 개선 시켰을 때; When we increase our relations with a nation;;;;;;;;;;;; x;
INCREASERELATION_WE_ACCEPT_SETUP;어느 나라가 어느 나라와 우리나라와의 관계를 개선 시켰을 때; When a nation increases their relations with us;;;;;;;;;;;; x;
INCREASERELATION_OTHER_ACCEPT_SETUP;어느 나라가 어느 한 국가와 다른 나라와의 관계를 개선 시켰을 때; When a nation increases their relations with another nation;;;;;;;;;;;; x;
DECREASERELATION_THEY_ACCEPT_SETUP; 우리나라가 우리나라와 다른 한 국가와의 관계를 악화 시켰을 때; When we decrease our relations with a nation;;;;;;;;;;;; x;
DECREASERELATION_WE_ACCEPT_SETUP;어느 나라가 어느 나라와 우리나라와의 관계를 악화 시켰을 때; When a nation decreases their relations with us;;;;;;;;;;;; x;
DECREASERELATION_OTHER_ACCEPT_SETUP; 우리나라가 우리나라와 다른 한 국가와의 관계를 악화 시켰을 때; When a nation decreases their relations with another nation;;;;;;;;;;;; x;
WETARGET_DISCREDIT_SETUP; 우리나라의 신용이 다른 국가에 의해 실추됐을 때; When we have been discredited by another nation;;;;;;;;;;;; x;
WETARGET_EXPELADVISORS_SETUP; 우리나라 고문이 다른 국가에서 추방되었을 때; When our advisers have been expelled by another nation;;;;;;;;;;;; x;
WETARGET_BANEMBASSY_SETUP; 우리나라의 대사가 다른 국가에 의해 추방되었을 때; When our embassy has been banned by another nation;;;;;;;;;;;; x;
WETARGET_DECREASEOPINION_SETUP;어느 국가에서 우리나라의 발언권이 다른 국가에 의해 떨어졌을 때; When a nation lowers the opinion of us in another nation;;;;;;;;;;;; x;
WETARGET_REMOVEFROMSPHERE_SETUP; 우리나라의 세력권에서 한 나라가 다른 나라에 의해 이탈됐을 때; When a nation removes another nation from our Sphere of Influence;;;;;;;;;;;; x;
WAR_WE_ACCEPT_SETUP;어느 나라가 우리나라에 선전 포고를 했을 때; When a nation declares war on us;;;;;;;;;;;; x;
PEACE_WE_ACCEPT_SETUP; 우리나라가 평화 제안을 수락했을 때; When we accept a peace offer;;;;;;;;;;;; x;
PEACE_THEY_ACCEPT_SETUP;어느 나라가 우리나라의 평화 제안을 수락했을 때; When a nation accepts our peace offer;;;;;;;;;;;; x;
PEACE_OTHER_ACCEPT_SETUP; 어느 나라가 다른 나라의 평화 제안을 수락했을 때; When a nation accepts another nation 's peace offer;;;;;;;;;;;; x;
PEACE_WE_DECLINE_SETUP; 우리나라가 평화 제안을 거부했을 때; When we decline a peace offer;;;;;;;;;;;; x;
PEACE_THEY_DECLINE_SETUP;어느 나라가 우리나라의 평화 제안을 거부했을 때; When a nation declines our peace offer;;;;;;;;;;;; x;
PEACE_OTHER_DECLINE_SETUP; 어느 나라가 다른 나라의 평화 제안을 거부했을 때; When a nation declines another nation 's peace offer;;;;;;;;;;;; x;
INTERVENTION_OUR_SIDE_SETUP; 어느 나라가 전쟁에 개입하고 우리측에 참전했을 때; When a nation intervenes in a war and join our side;;;;;;;;;;;; x;
INTERVENTION_THEIR_SIDE_SETUP; 어느 나라가 전쟁에 개입하고 적 편에서 참전했을 때; When a nation intervenes in a war and join our enemies 'side;;;;;;;;;;;; x;
INTERVENTION_OTHER_SIDE_SETUP; 어느 나라가 전쟁에 개입했을 때; When a nation intervenes in a war;;;;;;;;;;;; x;
WE_INTERVENED_SETUP; 우리나라가 전쟁에 개입했을 때; When we intervene in a war;;;;;;;;;;;; x;
GUNBOAT_WE_ACCEPT_SETUP; 우리나라가 포함외교의 표적이 되었을 때; When we are the target of gunboat diplomacy;;;;;;;;;;;; x;
GUNBOAT_THEY_ACCEPT_SETUP; 우리나라가 다른 국가에 포함외교를 실시했을 때; When we are using gunboat diplomacy against a nation;;;;;;;;;;;; x;
GUNBOAT_OTHER_ACCEPT_SETUP; 어느 나라가 다른 나라에 포함외교를 실시했을 때; When a nation is using gunboat diplomacy against another nation;;;;;;;;;;;; x;
TOPBAR_AVG_LITERACY;평균 [SUB_A7]Y대학진학률[SUB_A7]W: [SUB_A7]Y$AVG$[SUB_A7]W%;Le [SUB_A7]Ytaux d'alphab?isation[SUB_A7]W de notre population est de [SUB_A7]Y$AVG$%[SUB_A7]W.;Die durchschnittliche [SUB_A7]YAlphabetisierung[SUB_A7]W unserer Bev?kerung betr?t [SUB_A7]Y$AVG$[SUB_A7]W%.;;La [SUB_A7]Yalfabetizaci?[SUB_A7]W media de nuestra poblaci? es de [SUB_A7]Y$AVG$[SUB_A7]W%.;;;;;;;;;x
TOPBAR_AVG_MIL;평균 [SUB_A7]Y불만도[SUB_A7]W: [SUB_A7]Y$AVG$[SUB_A7]W;Le [SUB_A7]Ymilitantisme[SUB_A7]W moyen de notre population est de [SUB_A7]Y$AVG$[SUB_A7]W.;Die durchschnittliche [SUB_A7]YMilitanz[SUB_A7]W unserer Bev?kerung betr?t [SUB_A7]Y$AVG$[SUB_A7]W%.;;La [SUB_A7]Ymilitancia[SUB_A7]W media de nuestra poblaci? es de [SUB_A7]Y$AVG$[SUB_A7]W.;;;;;;;;;x
TOPBAR_AVG_CON;평균 [SUB_A7]Y의식도[SUB_A7]W: [SUB_A7]Y$AVG$[SUB_A7]W;La [SUB_A7]Yconscience nationale[SUB_A7]W de notre population est de [SUB_A7]Y$AVG$[SUB_A7]W.;Das durchschnittliche [SUB_A7]Yconsciousness[SUB_A7]W unserer Bev?kerung betr?t [SUB_A7]Y$AVG$[SUB_A7]W%.;;La [SUB_A7]Yconsciencia[SUB_A7]W media de nuestra poblaci? es de [SUB_A7]Y$AVG$[SUB_A7]W.;;;;;;;;;x
REMOVE_TOPBAR_POPULATION;현재 인구는 $CURR$ 명 입니다. 어제부터의 변화는 $CHANGE$ 명 입니다.;Notre population actuelle s'??e ?$CURR$. Notre population a connu une ?olution de $CHANGE$ depuis hier.;Unsere aktuelle Bev?kerung ist $CURR$. Unser Bev?kerung hat sich seit gestern um $CHANGE$ ver?dert.;;Nuestra poblaci? actual es $CURR$. Nuestra poblaci? ha cambiado en $CHANGE$ desde ayer.;;;;;;;;;x
TOPBAR_FACTION;[SUB_A7]Y$NAME$[SUB_A7]W의 총 병력은 [SUB_A7]Y$STRENGTH$[SUB_A7]W이며, 평균 조직력은 [SUB_A7]Y$ORG$[SUB_A7]W%입니다.;[SUB_A7]Y$NAME$[SUB_A7]W, total [SUB_A7]Y$STRENGTH$[SUB_A7]W rebels, average organization: [SUB_A7]Y$ORG$[SUB_A7]W%;[SUB_A7]Y$NAME$[SUB_A7]W, rebelles [SUB_A7]Y$STRENGTH$[SUB_A7]W au total, organisation moyenne : [SUB_A7]Y$ORG$%[SUB_A7]W;[SUB_A7]Y$NAME$[SUB_A7]W, insgesamt [SUB_A7]Y$STRENGTH$[SUB_A7]W Rebellen, durchschn. Organisation: [SUB_A7]Y$ORG$[SUB_A7]W%;;[SUB_A7]Y$NAME$[SUB_A7]W, [SUB_A7]Y$STRENGTH$[SUB_A7]W rebeldes en total, organizaci? media: [SUB_A7]Y$ORG$[SUB_A7]W%;;;;;;;;;x
